f0,f1,f10,f11,f12,f2,f3,f4,f5,f6,f7,f8,f9,id,y
10.233000000000001,0,20.199999999999999,379.69999999999999,18.030000000000001,18.100000000000001,0,0.61399999999999999,6.1849999999999996,96.700000000000003,2.1705000000000001,24.0,666.0,EXAMPLE_478,14.6
0.67191000000000001,0,21.0,376.88,14.81,8.1400000000000006,0,0.53800000000000003,5.8129999999999997,90.299999999999997,4.6820000000000004,4.0,307.0,EXAMPLE_26,16.600000000000001
0.14455000000000001,12.5,15.199999999999999,396.89999999999998,19.149999999999999,7.8700000000000001,0,0.52400000000000002,6.1719999999999997,96.099999999999994,5.9504999999999999,5.0,311.0,EXAMPLE_7,27.100000000000001
0.11132,0,20.100000000000001,396.89999999999998,13.35,27.739999999999998,0,0.60899999999999999,5.9829999999999997,83.5,2.1099000000000001,4.0,711.0,EXAMPLE_492,20.100000000000001
0.12801999999999999,0,20.899999999999999,395.24000000000001,12.27,8.5600000000000005,0,0.52000000000000002,6.4740000000000002,97.099999999999994,2.4329000000000001,5.0,384.0,EXAMPLE_108,19.800000000000001
0.080140000000000003,0,19.199999999999999,396.89999999999998,8.7699999999999996,5.96,0,0.499,5.8499999999999996,41.5,3.9342000000000001,5.0,279.0,EXAMPLE_37,21.0
1.2235799999999999,0,14.699999999999999,363.43000000000001,4.5899999999999999,19.579999999999998,0,0.60499999999999998,6.9429999999999996,97.400000000000006,1.8773,5.0,403.0,EXAMPLE_157,41.299999999999997
3.5686800000000001,0,20.199999999999999,393.37,14.359999999999999,18.100000000000001,0,0.57999999999999996,6.4370000000000003,75.0,2.8965000000000001,24.0,666.0,EXAMPLE_472,23.199999999999999
0.13058,0,17.800000000000001,338.63,15.369999999999999,10.01,0,0.54700000000000004,5.8719999999999999,73.099999999999994,2.4775,6.0,432.0,EXAMPLE_118,20.399999999999999
0.14230999999999999,0,17.800000000000001,388.74000000000001,10.449999999999999,10.01,0,0.54700000000000004,6.2539999999999996,84.200000000000003,2.2565,6.0,432.0,EXAMPLE_114,18.5
0.066640000000000005,0,16.600000000000001,390.95999999999998,5.3300000000000001,4.0499999999999998,0,0.51000000000000001,6.5460000000000003,33.100000000000001,3.1322999999999999,5.0,296.0,EXAMPLE_175,29.399999999999999
0.086639999999999995,45.0,15.199999999999999,390.49000000000001,2.8700000000000001,3.4399999999999999,0,0.437,7.1779999999999999,26.300000000000001,6.4798,5.0,398.0,EXAMPLE_192,36.399999999999999
0.11459999999999999,20.0,18.600000000000001,394.95999999999998,7.7300000000000004,6.96,0,0.46400000000000002,6.5380000000000003,58.700000000000003,3.9175,3.0,223.0,EXAMPLE_272,24.399999999999999
2.7797399999999999,0,14.699999999999999,396.89999999999998,29.289999999999999,19.579999999999998,0,0.871,4.9029999999999996,97.799999999999997,1.3459000000000001,5.0,403.0,EXAMPLE_144,11.800000000000001
11.1081,0,20.199999999999999,396.89999999999998,34.770000000000003,18.100000000000001,0,0.66800000000000004,4.9059999999999997,100.0,1.1741999999999999,24.0,666.0,EXAMPLE_373,13.800000000000001
7.9924799999999996,0,20.199999999999999,396.89999999999998,24.559999999999999,18.100000000000001,0,0.69999999999999996,5.5199999999999996,100.0,1.5330999999999999,24.0,666.0,EXAMPLE_383,12.300000000000001
8.9829600000000003,0,20.199999999999999,377.73000000000002,17.600000000000001,18.100000000000001,1.0,0.77000000000000002,6.2119999999999997,97.400000000000006,2.1221999999999999,24.0,666.0,EXAMPLE_356,17.800000000000001
0.061269999999999998,40.0,17.600000000000001,393.44999999999999,4.1600000000000001,6.4100000000000001,1.0,0.44700000000000001,6.8259999999999996,27.600000000000001,4.8628,4.0,254.0,EXAMPLE_277,33.100000000000001
0.35809000000000002,0,17.399999999999999,391.69999999999999,9.7100000000000009,6.2000000000000002,1.0,0.50700000000000001,6.9509999999999996,88.5,2.8616999999999999,8.0,307.0,EXAMPLE_220,26.699999999999999
6.7177199999999999,0,20.199999999999999,0.32000000000000001,17.440000000000001,18.100000000000001,0,0.71299999999999997,6.7489999999999997,92.599999999999994,2.3235999999999999,24.0,666.0,EXAMPLE_450,13.4
1.6286400000000001,0,21.199999999999999,396.89999999999998,34.409999999999997,21.890000000000001,0,0.624,5.0190000000000001,100.0,1.4394,4.0,437.0,EXAMPLE_141,14.4
5.6699799999999998,0,20.199999999999999,375.32999999999998,3.73,18.100000000000001,1.0,0.63100000000000001,6.6829999999999998,96.799999999999997,1.3567,24.0,666.0,EXAMPLE_369,50.0
0.057889999999999997,12.5,18.899999999999999,396.20999999999998,8.0999999999999996,6.0700000000000003,0,0.40899999999999997,5.8780000000000001,21.399999999999999,6.4980000000000002,4.0,345.0,EXAMPLE_67,22.0
3.83684,0,20.199999999999999,350.64999999999998,14.19,18.100000000000001,0,0.77000000000000002,6.2510000000000003,91.099999999999994,2.2955000000000001,24.0,666.0,EXAMPLE_361,19.899999999999999
2.3003999999999998,0,14.699999999999999,297.08999999999997,11.1,19.579999999999998,0,0.60499999999999998,6.319,96.099999999999994,2.1000000000000001,5.0,403.0,EXAMPLE_168,23.800000000000001
0.17782999999999999,0,19.199999999999999,395.76999999999998,15.1,9.6899999999999995,0,0.58499999999999996,5.569,73.5,2.3999000000000001,6.0,391.0,EXAMPLE_499,17.5
13.3598,0,20.199999999999999,396.89999999999998,16.350000000000001,18.100000000000001,0,0.69299999999999995,5.8869999999999996,94.700000000000003,1.7821,24.0,666.0,EXAMPLE_394,12.699999999999999
25.046099999999999,0,20.199999999999999,396.89999999999998,26.77,18.100000000000001,0,0.69299999999999995,5.9870000000000001,100.0,1.5888,24.0,666.0,EXAMPLE_400,5.5999999999999996
0.021870000000000001,60.0,15.6,393.37,5.0300000000000002,2.9300000000000002,0,0.40100000000000002,6.7999999999999998,9.9000000000000004,6.2195999999999998,1.0,265.0,EXAMPLE_193,31.100000000000001
0.19073000000000001,22.0,19.100000000000001,393.74000000000001,6.5599999999999996,5.8600000000000003,0,0.43099999999999999,6.718,17.5,7.8265000000000002,7.0,330.0,EXAMPLE_249,26.199999999999999
0.26362999999999998,0,20.899999999999999,391.23000000000002,15.550000000000001,8.5600000000000005,0,0.52000000000000002,6.2290000000000001,91.200000000000003,2.5451000000000001,5.0,384.0,EXAMPLE_109,19.399999999999999
11.087400000000001,0,20.199999999999999,318.75,15.02,18.100000000000001,0,0.71799999999999997,6.4109999999999996,100.0,1.8589,24.0,666.0,EXAMPLE_420,16.699999999999999
2.37934,0,14.699999999999999,172.91,27.800000000000001,19.579999999999998,0,0.871,6.1299999999999999,100.0,1.4191,5.0,403.0,EXAMPLE_145,13.800000000000001
0.042029999999999998,28.0,18.199999999999999,395.00999999999999,8.1600000000000001,15.039999999999999,0,0.46400000000000002,6.4420000000000002,53.600000000000001,3.6659000000000002,4.0,270.0,EXAMPLE_92,22.899999999999999
1.1265799999999999,0,14.699999999999999,343.27999999999997,12.119999999999999,19.579999999999998,1.0,0.871,5.0119999999999996,88.0,1.6102000000000001,5.0,403.0,EXAMPLE_152,15.300000000000001
0.62356,0,17.399999999999999,390.38999999999999,9.9299999999999997,6.2000000000000002,1.0,0.50700000000000001,6.8789999999999996,77.700000000000003,3.2721,8.0,307.0,EXAMPLE_222,27.5
0.055149999999999998,33.0,18.399999999999999,393.68000000000001,6.9299999999999997,2.1800000000000002,0,0.47199999999999998,7.2359999999999998,41.100000000000001,4.0220000000000002,7.0,222.0,EXAMPLE_304,36.100000000000001
0.03551,25.0,19.0,390.63999999999999,7.5099999999999998,4.8600000000000003,0,0.42599999999999999,6.1669999999999998,46.700000000000003,5.4006999999999996,4.0,281.0,EXAMPLE_83,22.899999999999999
0.16439000000000001,22.0,19.100000000000001,374.70999999999998,9.5199999999999996,5.8600000000000003,0,0.43099999999999999,6.4329999999999998,49.100000000000001,7.8265000000000002,7.0,330.0,EXAMPLE_248,24.5
2.9239999999999999,0,14.699999999999999,240.16,9.8100000000000005,19.579999999999998,0,0.60499999999999998,6.101,93.0,2.2833999999999999,5.0,403.0,EXAMPLE_165,25.0
1.51902,0,14.699999999999999,388.44999999999999,3.3199999999999998,19.579999999999998,1.0,0.60499999999999998,8.375,93.900000000000006,2.1619999999999999,5.0,403.0,EXAMPLE_163,50.0
0.0315,95.0,17.0,396.89999999999998,4.5599999999999996,1.47,0,0.40300000000000002,6.9749999999999996,15.300000000000001,7.6534000000000004,3.0,402.0,EXAMPLE_199,34.899999999999999
0.46295999999999998,0,17.399999999999999,376.13999999999999,5.25,6.2000000000000002,0,0.504,7.4119999999999999,76.900000000000006,3.6715,8.0,307.0,EXAMPLE_231,31.699999999999999
0.078960000000000002,0,18.699999999999999,394.92000000000002,6.7800000000000002,12.83,0,0.437,6.2729999999999997,6.0,4.2515000000000001,5.0,398.0,EXAMPLE_74,24.100000000000001
0.79040999999999995,0,18.399999999999999,396.89999999999998,5.9800000000000004,9.9000000000000004,0,0.54400000000000004,6.1219999999999999,52.799999999999997,2.6402999999999999,4.0,304.0,EXAMPLE_311,22.100000000000001
4.75237,0,20.199999999999999,50.920000000000002,18.129999999999999,18.100000000000001,0,0.71299999999999997,6.5250000000000004,86.5,2.4358,24.0,666.0,EXAMPLE_455,14.1
0.36893999999999999,22.0,19.100000000000001,396.89999999999998,3.54,5.8600000000000003,0,0.43099999999999999,8.2590000000000003,8.4000000000000004,8.9067000000000007,7.0,330.0,EXAMPLE_253,42.799999999999997
0.14476,0,17.800000000000001,391.5,13.609999999999999,10.01,0,0.54700000000000004,5.7309999999999999,65.200000000000003,2.7591999999999999,6.0,432.0,EXAMPLE_119,19.300000000000001
0.0090600000000000003,90.0,15.300000000000001,394.72000000000003,7.8499999999999996,2.9700000000000002,0,0.40000000000000002,7.0880000000000001,20.800000000000001,7.3072999999999997,1.0,285.0,EXAMPLE_284,32.200000000000003
0.092660000000000006,34.0,16.100000000000001,383.61000000000001,8.6699999999999999,6.0899999999999999,0,0.433,6.4950000000000001,18.399999999999999,5.4916999999999998,7.0,329.0,EXAMPLE_302,26.399999999999999
2.8183799999999999,0,20.199999999999999,392.92000000000002,10.42,18.100000000000001,0,0.53200000000000003,5.7619999999999996,40.299999999999997,4.0983000000000001,24.0,666.0,EXAMPLE_483,21.800000000000001
3.8496999999999999,0,20.199999999999999,391.33999999999997,13.27,18.100000000000001,1.0,0.77000000000000002,6.3949999999999996,91.0,2.5051999999999999,24.0,666.0,EXAMPLE_357,21.699999999999999
24.8017,0,20.199999999999999,396.89999999999998,19.77,18.100000000000001,0,0.69299999999999995,5.3490000000000002,96.0,1.7028000000000001,24.0,666.0,EXAMPLE_403,8.3000000000000007
0.29819000000000001,0,17.399999999999999,377.50999999999999,3.9199999999999999,6.2000000000000002,0,0.504,7.6859999999999999,17.0,3.3751000000000002,8.0,307.0,EXAMPLE_228,46.700000000000003
0.53412000000000004,20.0,13.0,388.37,7.2599999999999998,3.9700000000000002,0,0.64700000000000002,7.5199999999999996,89.400000000000006,2.1398000000000001,5.0,264.0,EXAMPLE_261,43.100000000000001
0.51183000000000001,0,17.399999999999999,390.06999999999999,4.7300000000000004,6.2000000000000002,0,0.50700000000000001,7.3579999999999997,71.599999999999994,4.1479999999999997,8.0,307.0,EXAMPLE_237,31.5
24.393799999999999,0,20.199999999999999,396.89999999999998,28.280000000000001,18.100000000000001,0,0.69999999999999996,4.6520000000000001,100.0,1.4672000000000001,24.0,666.0,EXAMPLE_386,10.5
4.87141,0,20.199999999999999,396.20999999999998,18.68,18.100000000000001,0,0.61399999999999999,6.484,93.599999999999994,2.3052999999999999,24.0,666.0,EXAMPLE_476,16.699999999999999
0.097439999999999999,0,19.199999999999999,377.56,11.41,5.96,0,0.499,5.8410000000000002,61.399999999999999,3.3778999999999999,5.0,279.0,EXAMPLE_36,20.0
0.04011,80.0,12.6,396.89999999999998,4.0800000000000001,1.52,0,0.40400000000000003,7.2869999999999999,34.100000000000001,7.3090000000000002,2.0,329.0,EXAMPLE_196,33.299999999999997
0.54452,0,21.199999999999999,396.89999999999998,18.460000000000001,21.890000000000001,0,0.624,6.1509999999999998,97.900000000000006,1.6687000000000001,4.0,437.0,EXAMPLE_139,17.800000000000001
4.8982200000000002,0,20.199999999999999,375.51999999999998,3.2599999999999998,18.100000000000001,0,0.63100000000000001,4.9699999999999998,100.0,1.3325,24.0,666.0,EXAMPLE_368,50.0
0.19656999999999999,22.0,19.100000000000001,376.13999999999999,10.15,5.8600000000000003,0,0.43099999999999999,6.226,79.200000000000003,8.0555000000000003,7.0,330.0,EXAMPLE_247,20.5
0.038710000000000001,52.5,16.600000000000001,396.89999999999998,7.1399999999999997,5.3200000000000003,0,0.40500000000000003,6.2089999999999996,31.300000000000001,7.3171999999999997,6.0,293.0,EXAMPLE_287,23.199999999999999
23.648199999999999,0,20.199999999999999,396.89999999999998,23.690000000000001,18.100000000000001,0,0.67100000000000004,6.3799999999999999,96.200000000000003,1.3861000000000001,24.0,666.0,EXAMPLE_378,13.1
0.10328,25.0,19.699999999999999,396.89999999999998,9.2200000000000006,5.1299999999999999,0,0.45300000000000001,5.9269999999999996,47.200000000000003,6.9320000000000004,8.0,284.0,EXAMPLE_59,19.600000000000001
0.10084,0,17.800000000000001,395.58999999999997,10.16,10.01,0,0.54700000000000004,6.7149999999999999,81.599999999999994,2.6775000000000002,6.0,432.0,EXAMPLE_111,22.800000000000001
0.053019999999999998,0,17.800000000000001,396.06,5.7000000000000002,3.4100000000000001,0,0.48899999999999999,7.0789999999999997,63.100000000000001,3.4144999999999999,2.0,270.0,EXAMPLE_89,28.699999999999999
0.78569999999999995,20.0,13.0,384.06999999999999,14.789999999999999,3.9700000000000002,0,0.64700000000000002,7.0140000000000002,84.599999999999994,2.1328999999999998,5.0,264.0,EXAMPLE_266,30.699999999999999
0.088289999999999993,12.5,15.199999999999999,395.60000000000002,12.43,7.8700000000000001,0,0.52400000000000002,6.0119999999999996,66.599999999999994,5.5605000000000002,5.0,311.0,EXAMPLE_6,22.899999999999999
3.4742799999999998,0,20.199999999999999,354.55000000000001,5.29,18.100000000000001,1.0,0.71799999999999997,8.7799999999999994,82.900000000000006,1.9047000000000001,24.0,666.0,EXAMPLE_364,21.899999999999999
0.060760000000000002,0,21.0,396.89999999999998,5.6399999999999997,11.93,0,0.57299999999999995,6.976,91.0,2.1675,1.0,273.0,EXAMPLE_503,23.899999999999999
0.013010000000000001,35.0,15.5,394.74000000000001,5.4900000000000002,1.52,0,0.442,7.2409999999999997,49.299999999999997,7.0378999999999996,1.0,284.0,EXAMPLE_341,32.700000000000003
1.34284,0,14.699999999999999,353.88999999999999,6.4299999999999997,19.579999999999998,0,0.60499999999999998,6.0659999999999998,100.0,1.7573000000000001,5.0,403.0,EXAMPLE_158,24.300000000000001
1.6566000000000001,0,14.699999999999999,372.80000000000001,14.1,19.579999999999998,0,0.871,6.1219999999999999,97.299999999999997,1.6180000000000001,5.0,403.0,EXAMPLE_150,21.5
0.05425,0,16.600000000000001,395.60000000000002,6.29,4.0499999999999998,0,0.51000000000000001,6.3150000000000004,73.400000000000006,3.3174999999999999,5.0,296.0,EXAMPLE_177,24.600000000000001
7.6720199999999998,0,20.199999999999999,393.10000000000002,19.920000000000002,18.100000000000001,0,0.69299999999999995,5.7469999999999999,98.900000000000006,1.6334,24.0,666.0,EXAMPLE_397,8.5
0.083080000000000001,0,17.800000000000001,391.0,13.98,2.46,0,0.48799999999999999,5.6040000000000001,89.799999999999997,2.9878999999999998,3.0,193.0,EXAMPLE_184,26.399999999999999
0.40201999999999999,0,18.399999999999999,395.20999999999998,10.359999999999999,9.9000000000000004,0,0.54400000000000004,6.3819999999999997,67.200000000000003,3.5325000000000002,4.0,304.0,EXAMPLE_318,23.100000000000001
0.22489000000000001,12.5,15.199999999999999,392.51999999999998,20.449999999999999,7.8700000000000001,0,0.52400000000000002,6.3769999999999998,94.299999999999997,6.3467000000000002,5.0,311.0,EXAMPLE_10,15.0
20.084900000000001,0,20.199999999999999,285.82999999999998,30.629999999999999,18.100000000000001,0,0.69999999999999996,4.3680000000000003,91.200000000000003,1.4395,24.0,666.0,EXAMPLE_384,8.8000000000000007
0.21160999999999999,0,20.899999999999999,394.47000000000003,13.44,8.5600000000000005,0,0.52000000000000002,6.1369999999999996,87.400000000000006,2.7147000000000001,5.0,384.0,EXAMPLE_103,19.300000000000001
0.04462,25.0,19.0,395.63,7.2199999999999998,4.8600000000000003,0,0.42599999999999999,6.6189999999999998,70.400000000000006,5.4006999999999996,4.0,281.0,EXAMPLE_81,23.899999999999999
0.17505000000000001,0,19.199999999999999,393.43000000000001,10.130000000000001,5.96,0,0.499,5.9660000000000002,30.199999999999999,3.8473000000000002,5.0,279.0,EXAMPLE_38,24.699999999999999
0.24521999999999999,0,18.399999999999999,396.89999999999998,15.94,9.9000000000000004,0,0.54400000000000004,5.782,71.700000000000003,4.0316999999999998,4.0,304.0,EXAMPLE_317,19.800000000000001
1.8002800000000001,0,14.699999999999999,227.61000000000001,12.140000000000001,19.579999999999998,0,0.60499999999999998,5.8769999999999998,79.200000000000003,2.4258999999999999,5.0,403.0,EXAMPLE_167,23.800000000000001
6.3931199999999997,0,20.199999999999999,302.75999999999999,24.100000000000001,18.100000000000001,0,0.58399999999999996,6.1619999999999999,97.400000000000006,2.206,24.0,666.0,EXAMPLE_475,13.300000000000001
0.05561,70.0,14.800000000000001,371.57999999999998,4.7400000000000002,2.2400000000000002,0,0.40000000000000002,7.0410000000000004,10.0,7.8277999999999999,5.0,358.0,EXAMPLE_299,29.0
0.053719999999999997,0,16.0,392.85000000000002,7.3899999999999997,13.92,0,0.437,6.5490000000000004,51.0,5.9603999999999999,4.0,289.0,EXAMPLE_296,27.100000000000001
0.037679999999999998,80.0,12.6,392.19999999999999,6.6200000000000001,1.52,0,0.40400000000000003,7.274,38.299999999999997,7.3090000000000002,2.0,329.0,EXAMPLE_198,34.600000000000001
9.8234899999999996,0,20.199999999999999,396.89999999999998,21.239999999999998,18.100000000000001,0,0.67100000000000004,6.7939999999999996,98.799999999999997,1.3580000000000001,24.0,666.0,EXAMPLE_377,13.300000000000001
2.1550500000000001,0,14.699999999999999,169.27000000000001,16.649999999999999,19.579999999999998,0,0.871,5.6280000000000001,100.0,1.5165999999999999,5.0,403.0,EXAMPLE_146,15.6
5.8720499999999998,0,20.199999999999999,396.89999999999998,19.370000000000001,18.100000000000001,0,0.69299999999999995,6.4050000000000002,96.0,1.6768000000000001,24.0,666.0,EXAMPLE_396,12.5
2.3686199999999999,0,14.699999999999999,391.70999999999998,29.530000000000001,19.579999999999998,0,0.871,4.9260000000000002,95.700000000000003,1.4608000000000001,5.0,403.0,EXAMPLE_147,14.6
7.3671100000000003,0,20.199999999999999,96.730000000000004,21.52,18.100000000000001,0,0.67900000000000005,6.1929999999999996,78.099999999999994,1.9356,24.0,666.0,EXAMPLE_428,11.0
0.042970000000000001,52.5,16.600000000000001,371.72000000000003,9.5099999999999998,5.3200000000000003,0,0.40500000000000003,6.5650000000000004,22.899999999999999,7.3171999999999997,6.0,293.0,EXAMPLE_289,24.800000000000001
0.15038000000000001,0,19.100000000000001,370.31,25.41,25.649999999999999,0,0.58099999999999996,5.8559999999999999,97.0,1.9443999999999999,2.0,188.0,EXAMPLE_123,17.300000000000001
0.20746000000000001,0,20.100000000000001,318.43000000000001,29.68,27.739999999999998,0,0.60899999999999999,5.093,98.0,1.8226,4.0,711.0,EXAMPLE_490,8.0999999999999996
0.11504,0,18.0,391.82999999999998,11.34,2.8900000000000001,0,0.44500000000000001,6.1630000000000003,69.599999999999994,3.4952000000000001,2.0,276.0,EXAMPLE_96,21.399999999999999
4.0974000000000004,0,14.699999999999999,396.89999999999998,26.420000000000002,19.579999999999998,0,0.871,5.468,100.0,1.4117999999999999,5.0,403.0,EXAMPLE_143,15.6
0.092520000000000005,30.0,16.600000000000001,383.77999999999997,7.3700000000000001,4.9299999999999997,0,0.42799999999999999,6.6059999999999999,42.200000000000003,6.1898999999999997,6.0,300.0,EXAMPLE_239,23.300000000000001
0.09604,40.0,17.600000000000001,396.89999999999998,2.98,6.4100000000000001,0,0.44700000000000001,6.8540000000000001,42.799999999999997,4.2672999999999996,4.0,254.0,EXAMPLE_275,32.0
0.12083000000000001,0,18.0,396.89999999999998,4.21,2.8900000000000001,0,0.44500000000000001,8.0690000000000008,76.0,3.4952000000000001,2.0,276.0,EXAMPLE_97,38.700000000000003
0.017090000000000001,90.0,17.0,384.45999999999998,4.5,2.02,0,0.40999999999999998,6.7279999999999998,36.100000000000001,12.1265,5.0,187.0,EXAMPLE_353,30.100000000000001
0.092990000000000003,0,19.100000000000001,378.08999999999997,17.93,25.649999999999999,0,0.58099999999999996,5.9610000000000003,92.900000000000006,2.0869,2.0,188.0,EXAMPLE_122,20.5
0.10008,0,17.800000000000001,396.89999999999998,5.6799999999999997,2.46,0,0.48799999999999999,6.5629999999999997,95.599999999999994,2.847,3.0,193.0,EXAMPLE_183,32.5
0.021770000000000001,82.5,14.699999999999999,395.38,3.1099999999999999,2.0299999999999998,0,0.41499999999999998,7.6100000000000003,15.699999999999999,6.2699999999999996,2.0,348.0,EXAMPLE_202,42.299999999999997
0.33983000000000002,22.0,19.100000000000001,390.18000000000001,9.1600000000000001,5.8600000000000003,0,0.43099999999999999,6.1079999999999997,34.899999999999999,8.0555000000000003,7.0,330.0,EXAMPLE_246,24.300000000000001
2.3785699999999999,0,20.199999999999999,370.73000000000002,13.34,18.100000000000001,0,0.58299999999999996,5.8710000000000004,41.899999999999999,3.7240000000000002,24.0,666.0,EXAMPLE_484,20.600000000000001
0.035369999999999999,34.0,16.100000000000001,395.75,9.5,6.0899999999999999,0,0.433,6.5899999999999999,40.399999999999999,5.4916999999999998,7.0,329.0,EXAMPLE_301,22.0
0.04301,80.0,22.0,382.80000000000001,8.0500000000000007,1.9099999999999999,0,0.41299999999999998,5.6630000000000003,21.899999999999999,10.585699999999999,4.0,334.0,EXAMPLE_354,18.199999999999999
51.135800000000003,0,20.199999999999999,2.6000000000000001,10.109999999999999,18.100000000000001,0,0.59699999999999998,5.7569999999999997,100.0,1.413,24.0,666.0,EXAMPLE_410,15.0
9.9165500000000009,0,20.199999999999999,338.16000000000003,29.969999999999999,18.100000000000001,0,0.69299999999999995,5.8520000000000003,77.799999999999997,1.5004,24.0,666.0,EXAMPLE_399,6.2999999999999998
0.019650000000000001,80.0,18.199999999999999,341.60000000000002,12.93,1.76,0,0.38500000000000001,6.2300000000000004,31.5,9.0891999999999999,1.0,241.0,EXAMPLE_286,20.100000000000001
0.16902,0,19.100000000000001,385.01999999999998,14.81,25.649999999999999,0,0.58099999999999996,5.9859999999999998,88.400000000000006,1.9928999999999999,2.0,188.0,EXAMPLE_125,21.399999999999999
0.054789999999999998,33.0,18.399999999999999,393.36000000000001,8.9299999999999997,2.1800000000000002,0,0.47199999999999998,6.6159999999999997,58.100000000000001,3.3700000000000001,7.0,222.0,EXAMPLE_305,28.399999999999999
0.61470000000000002,0,17.399999999999999,396.89999999999998,7.5999999999999996,6.2000000000000002,0,0.50700000000000001,6.6180000000000003,80.799999999999997,3.2721,8.0,307.0,EXAMPLE_223,30.100000000000001
12.0482,0,20.199999999999999,291.55000000000001,14.1,18.100000000000001,0,0.61399999999999999,5.6479999999999997,87.599999999999994,1.9512,24.0,666.0,EXAMPLE_422,20.800000000000001
0.11425,0,16.399999999999999,393.74000000000001,10.5,13.890000000000001,1.0,0.55000000000000004,6.3730000000000002,92.400000000000006,3.3633000000000002,5.0,276.0,EXAMPLE_219,23.0
0.88124999999999998,0,21.199999999999999,396.89999999999998,18.34,21.890000000000001,0,0.624,5.6369999999999996,94.700000000000003,1.9799,4.0,437.0,EXAMPLE_129,14.300000000000001
8.7921200000000006,0,20.199999999999999,3.6499999999999999,17.16,18.100000000000001,0,0.58399999999999996,5.5650000000000004,70.599999999999994,2.0634999999999999,24.0,666.0,EXAMPLE_424,11.699999999999999
0.07886,80.0,19.199999999999999,396.89999999999998,3.5600000000000001,4.9500000000000002,0,0.41099999999999998,7.1479999999999997,27.699999999999999,5.1166999999999998,4.0,245.0,EXAMPLE_291,37.299999999999997
0.050229999999999997,35.0,16.899999999999999,394.01999999999998,12.43,6.0599999999999996,0,0.43790000000000001,5.7060000000000004,28.399999999999999,6.6406999999999998,1.0,304.0,EXAMPLE_331,17.100000000000001
88.976200000000006,0,20.199999999999999,396.89999999999998,17.210000000000001,18.100000000000001,0,0.67100000000000004,6.968,91.900000000000006,1.4165000000000001,24.0,666.0,EXAMPLE_380,10.4
5.8240100000000004,0,20.199999999999999,396.89999999999998,10.74,18.100000000000001,0,0.53200000000000003,6.242,64.700000000000003,3.4241999999999999,24.0,666.0,EXAMPLE_480,23.0
5.2017699999999998,0,20.199999999999999,395.43000000000001,11.48,18.100000000000001,1.0,0.77000000000000002,6.1269999999999998,83.400000000000006,2.7227000000000001,24.0,666.0,EXAMPLE_358,22.699999999999999
0.14102999999999999,0,16.0,396.89999999999998,15.84,13.92,0,0.437,5.79,58.0,6.3200000000000003,4.0,289.0,EXAMPLE_297,20.300000000000001
0.081989999999999993,0,16.0,396.89999999999998,10.4,13.92,0,0.437,6.0090000000000003,42.299999999999997,5.5026999999999999,4.0,289.0,EXAMPLE_294,21.699999999999999
6.5387599999999999,0,20.199999999999999,392.05000000000001,2.96,18.100000000000001,1.0,0.63100000000000001,7.016,97.5,1.2023999999999999,24.0,666.0,EXAMPLE_370,50.0
13.678100000000001,0,20.199999999999999,68.950000000000003,34.020000000000003,18.100000000000001,0,0.73999999999999999,5.9349999999999996,87.900000000000006,1.8206,24.0,666.0,EXAMPLE_438,8.4000000000000004
0.12329,0,17.800000000000001,394.94999999999999,16.210000000000001,10.01,0,0.54700000000000004,5.9130000000000003,92.900000000000006,2.3534000000000002,6.0,432.0,EXAMPLE_112,18.800000000000001
0.057799999999999997,0,17.800000000000001,396.89999999999998,5.04,2.46,0,0.48799999999999999,6.9800000000000004,58.399999999999999,2.8290000000000002,3.0,193.0,EXAMPLE_179,37.200000000000003
2.6354799999999998,0,18.399999999999999,350.44999999999999,12.640000000000001,9.9000000000000004,0,0.54400000000000004,4.9729999999999999,37.799999999999997,2.5194000000000001,4.0,304.0,EXAMPLE_310,16.100000000000001
0.024979999999999999,0,15.9,389.95999999999998,8.6500000000000004,1.8899999999999999,0,0.51800000000000002,6.54,59.700000000000003,6.2668999999999997,1.0,422.0,EXAMPLE_342,16.5
0.05083,0,20.199999999999999,389.70999999999998,5.6799999999999997,5.1900000000000004,0,0.51500000000000001,6.3159999999999998,38.100000000000001,6.4584000000000001,5.0,224.0,EXAMPLE_333,22.199999999999999
4.8356700000000004,0,20.199999999999999,388.22000000000003,11.449999999999999,18.100000000000001,0,0.58299999999999996,5.9050000000000002,53.200000000000003,3.1522999999999999,24.0,666.0,EXAMPLE_487,20.600000000000001
8.2005800000000004,0,20.199999999999999,3.5,16.940000000000001,18.100000000000001,0,0.71299999999999997,5.9359999999999999,80.299999999999997,2.7791999999999999,24.0,666.0,EXAMPLE_457,13.5
0.33146999999999999,0,17.399999999999999,378.94999999999999,3.9500000000000002,6.2000000000000002,0,0.50700000000000001,8.2469999999999999,70.400000000000006,3.6518999999999999,8.0,307.0,EXAMPLE_233,48.299999999999997
0.36919999999999997,0,18.399999999999999,395.69,9.2799999999999994,9.9000000000000004,0,0.54400000000000004,6.5670000000000002,87.299999999999997,3.6023000000000001,4.0,304.0,EXAMPLE_314,23.800000000000001
2.2423600000000001,0,14.699999999999999,395.11000000000001,11.640000000000001,19.579999999999998,0,0.60499999999999998,5.8540000000000001,91.799999999999997,2.4220000000000002,5.0,403.0,EXAMPLE_164,22.699999999999999
0.32263999999999998,0,21.199999999999999,378.25,16.899999999999999,21.890000000000001,0,0.624,5.9420000000000002,93.5,1.9669000000000001,4.0,437.0,EXAMPLE_136,17.399999999999999
0.04666,80.0,12.6,354.31,8.6099999999999994,1.52,0,0.40400000000000003,7.1070000000000002,36.600000000000001,7.3090000000000002,2.0,329.0,EXAMPLE_197,30.300000000000001
0.66351000000000004,20.0,13.0,383.29000000000002,7.79,3.9700000000000002,0,0.64700000000000002,7.3330000000000002,100.0,1.8946000000000001,5.0,264.0,EXAMPLE_258,36.0
0.57528999999999997,0,17.399999999999999,385.91000000000003,2.4700000000000002,6.2000000000000002,0,0.50700000000000001,8.3369999999999997,73.299999999999997,3.8384,8.0,307.0,EXAMPLE_232,41.700000000000003
0.17133999999999999,0,17.800000000000001,344.91000000000003,15.76,10.01,0,0.54700000000000004,5.9279999999999999,88.200000000000003,2.4630999999999998,6.0,432.0,EXAMPLE_115,18.300000000000001
0.068989999999999996,0,19.100000000000001,389.14999999999998,14.369999999999999,25.649999999999999,0,0.58099999999999996,5.8700000000000001,69.700000000000003,2.2576999999999998,2.0,188.0,EXAMPLE_120,22.0
0.072440000000000004,60.0,18.300000000000001,392.32999999999998,7.79,1.6899999999999999,0,0.41099999999999998,5.8840000000000003,18.5,10.7103,4.0,411.0,EXAMPLE_352,18.600000000000001
0.31533,0,17.399999999999999,385.05000000000001,4.1399999999999997,6.2000000000000002,0,0.504,8.266,78.299999999999997,2.8944000000000001,8.0,307.0,EXAMPLE_224,44.799999999999997
20.716200000000001,0,20.199999999999999,370.22000000000003,23.34,18.100000000000001,0,0.65900000000000003,4.1379999999999999,100.0,1.1780999999999999,24.0,666.0,EXAMPLE_406,11.9
0.061510000000000002,0,20.199999999999999,396.89999999999998,9.2899999999999991,5.1900000000000004,0,0.51500000000000001,5.968,58.5,4.8121999999999998,5.0,224.0,EXAMPLE_340,18.699999999999999
0.25914999999999999,0,21.199999999999999,392.11000000000001,17.190000000000001,21.890000000000001,0,0.624,5.6929999999999996,96.0,1.7883,4.0,437.0,EXAMPLE_127,16.199999999999999
0.010959999999999999,55.0,15.300000000000001,394.72000000000003,8.2300000000000004,2.25,0,0.38900000000000001,6.4530000000000003,31.899999999999999,7.3072999999999997,1.0,300.0,EXAMPLE_285,22.0
18.084599999999998,0,20.199999999999999,27.25,29.050000000000001,18.100000000000001,0,0.67900000000000005,6.4340000000000002,100.0,1.8347,24.0,666.0,EXAMPLE_415,7.2000000000000002
0.13117000000000001,0,20.899999999999999,387.69,14.09,8.5600000000000005,0,0.52000000000000002,6.1269999999999998,85.200000000000003,2.1223999999999998,5.0,384.0,EXAMPLE_107,20.399999999999999
18.498200000000001,0,20.199999999999999,396.89999999999998,37.969999999999999,18.100000000000001,0,0.66800000000000004,4.1379999999999999,100.0,1.137,24.0,666.0,EXAMPLE_374,13.800000000000001
7.5260100000000003,0,20.199999999999999,304.20999999999998,19.309999999999999,18.100000000000001,0,0.71299999999999997,6.4169999999999998,98.299999999999997,2.1850000000000001,24.0,666.0,EXAMPLE_449,13.0
0.32982,0,21.199999999999999,388.69,15.029999999999999,21.890000000000001,0,0.624,5.8220000000000001,95.400000000000006,2.4699,4.0,437.0,EXAMPLE_133,18.399999999999999
13.5222,0,20.199999999999999,131.41999999999999,13.33,18.100000000000001,0,0.63100000000000001,3.863,100.0,1.5105999999999999,24.0,666.0,EXAMPLE_367,23.100000000000001
0.12268999999999999,0,17.899999999999999,389.38999999999999,9.5500000000000007,6.9100000000000001,0,0.44800000000000001,6.069,40.0,5.7209000000000003,3.0,233.0,EXAMPLE_44,21.199999999999999
0.17899000000000001,0,19.199999999999999,393.29000000000002,17.600000000000001,9.6899999999999995,0,0.58499999999999996,5.6699999999999999,28.800000000000001,2.7986,6.0,391.0,EXAMPLE_495,23.100000000000001
0.035839999999999997,80.0,16.100000000000001,396.89999999999998,4.6699999999999999,3.3700000000000001,0,0.39800000000000002,6.29,17.800000000000001,6.6115000000000004,4.0,337.0,EXAMPLE_65,23.5
0.015010000000000001,90.0,13.6,395.51999999999998,3.1600000000000001,1.21,1.0,0.40100000000000002,7.923,24.800000000000001,5.8849999999999998,1.0,198.0,EXAMPLE_283,50.0
0.057349999999999998,0,18.5,392.30000000000001,6.5300000000000002,4.4900000000000002,0,0.44900000000000001,6.6299999999999999,56.100000000000001,4.4377000000000004,3.0,247.0,EXAMPLE_85,26.600000000000001
0.10290000000000001,30.0,16.600000000000001,372.75,11.220000000000001,4.9299999999999997,0,0.42799999999999999,6.3579999999999997,52.899999999999999,7.0354999999999999,6.0,300.0,EXAMPLE_242,22.199999999999999
0.05602,0,17.800000000000001,392.63,4.4500000000000002,2.46,0,0.48799999999999999,7.8310000000000004,53.600000000000001,3.1991999999999998,3.0,193.0,EXAMPLE_186,50.0
15.860300000000001,0,20.199999999999999,7.6799999999999997,24.390000000000001,18.100000000000001,0,0.67900000000000005,5.8959999999999999,95.400000000000006,1.9096,24.0,666.0,EXAMPLE_425,8.3000000000000007
1.42502,0,14.699999999999999,364.31,7.3899999999999997,19.579999999999998,0,0.871,6.5099999999999998,100.0,1.7659,5.0,403.0,EXAMPLE_159,23.300000000000001
0.093780000000000002,12.5,15.199999999999999,390.5,15.710000000000001,7.8700000000000001,0,0.52400000000000002,5.8890000000000002,39.0,5.4508999999999999,5.0,311.0,EXAMPLE_12,21.699999999999999
0.064170000000000005,0,19.199999999999999,396.89999999999998,9.6799999999999997,5.96,0,0.499,5.9329999999999998,68.200000000000003,3.3603000000000001,5.0,279.0,EXAMPLE_35,18.899999999999999
0.77298999999999995,0,21.0,387.94,12.800000000000001,8.1400000000000006,0,0.53800000000000003,6.4950000000000001,94.400000000000006,4.4546999999999999,4.0,307.0,EXAMPLE_28,18.399999999999999
1.2074199999999999,0,14.699999999999999,292.29000000000002,14.43,19.579999999999998,0,0.60499999999999998,5.875,94.599999999999994,2.4258999999999999,5.0,403.0,EXAMPLE_170,17.399999999999999
3.3210500000000001,0,14.699999999999999,396.89999999999998,26.82,19.579999999999998,1.0,0.871,5.4029999999999996,100.0,1.3216000000000001,5.0,403.0,EXAMPLE_142,13.4
9.5957100000000004,0,20.199999999999999,376.11000000000001,20.309999999999999,18.100000000000001,0,0.69299999999999995,6.4039999999999999,100.0,1.639,24.0,666.0,EXAMPLE_402,12.1
0.028989999999999998,40.0,19.699999999999999,389.85000000000002,5.8899999999999997,1.25,0,0.42899999999999999,6.9390000000000001,34.5,8.7920999999999996,1.0,335.0,EXAMPLE_349,26.600000000000001
0.40771000000000002,0,17.399999999999999,395.24000000000001,21.460000000000001,6.2000000000000002,1.0,0.50700000000000001,6.1639999999999997,91.299999999999997,3.048,8.0,307.0,EXAMPLE_221,21.699999999999999
0.12204,0,18.0,357.98000000000002,6.6500000000000004,2.8900000000000001,0,0.44500000000000001,6.625,57.799999999999997,3.4952000000000001,2.0,276.0,EXAMPLE_95,28.399999999999999
0.043369999999999999,21.0,16.800000000000001,393.97000000000003,9.4299999999999997,5.6399999999999997,0,0.439,6.1150000000000002,63.0,6.8147000000000002,4.0,243.0,EXAMPLE_51,20.5
0.11329,30.0,16.600000000000001,391.25,11.380000000000001,4.9299999999999997,0,0.42799999999999999,6.8970000000000002,54.299999999999997,6.3361000000000001,6.0,300.0,EXAMPLE_240,22.0
15.288,0,20.199999999999999,363.01999999999998,23.239999999999998,18.100000000000001,0,0.67100000000000004,6.649,93.299999999999997,1.3449,24.0,666.0,EXAMPLE_376,13.9
9.1870200000000004,0,20.199999999999999,396.89999999999998,23.600000000000001,18.100000000000001,0,0.69999999999999996,5.5359999999999996,100.0,1.5804,24.0,666.0,EXAMPLE_382,11.300000000000001
0.066420000000000007,0,16.600000000000001,391.26999999999998,6.9199999999999999,4.0499999999999998,0,0.51000000000000001,6.8600000000000003,74.400000000000006,2.9152999999999998,5.0,296.0,EXAMPLE_178,29.899999999999999
0.12744,0,17.899999999999999,385.41000000000003,4.8399999999999999,6.9100000000000001,0,0.44800000000000001,6.7699999999999996,2.8999999999999999,5.7209000000000003,3.0,233.0,EXAMPLE_41,26.600000000000001
22.051100000000002,0,20.199999999999999,391.44999999999999,22.109999999999999,18.100000000000001,0,0.73999999999999999,5.8179999999999996,92.400000000000006,1.8662000000000001,24.0,666.0,EXAMPLE_440,10.5
5.29305,0,20.199999999999999,378.38,18.760000000000002,18.100000000000001,0,0.69999999999999996,6.0510000000000002,82.5,2.1678000000000002,24.0,666.0,EXAMPLE_391,23.199999999999999
0.22969000000000001,0,18.600000000000001,394.87,10.970000000000001,10.59,0,0.48899999999999999,6.3259999999999996,52.5,4.3548999999999998,4.0,277.0,EXAMPLE_206,24.399999999999999
0.061289999999999997,20.0,14.9,377.06999999999999,3.0099999999999998,3.3300000000000001,1.0,0.44290000000000002,7.6449999999999996,49.700000000000003,5.2119,5.0,216.0,EXAMPLE_282,46.0
0.048189999999999997,80.0,16.399999999999999,392.88999999999999,6.5700000000000003,3.6400000000000001,0,0.39200000000000002,6.1079999999999997,32.0,9.2202999999999999,1.0,315.0,EXAMPLE_254,21.899999999999999
10.834199999999999,0,20.199999999999999,21.57,25.789999999999999,18.100000000000001,0,0.67900000000000005,6.782,90.799999999999997,1.8194999999999999,24.0,666.0,EXAMPLE_416,7.5
0.06905,0,18.699999999999999,396.89999999999998,5.3300000000000001,2.1800000000000002,0,0.45800000000000002,7.1470000000000002,54.200000000000003,6.0621999999999998,3.0,222.0,EXAMPLE_4,36.200000000000003
0.01538,90.0,15.9,386.33999999999997,3.1099999999999999,3.75,0,0.39400000000000002,7.4539999999999997,34.200000000000003,6.3361000000000001,3.0,244.0,EXAMPLE_256,44.0
8.2480899999999995,0,20.199999999999999,375.87,16.739999999999998,18.100000000000001,0,0.71299999999999997,7.3929999999999998,99.299999999999997,2.4527000000000001,24.0,666.0,EXAMPLE_453,17.800000000000001
0.14865999999999999,0,20.899999999999999,394.75999999999999,9.4199999999999999,8.5600000000000005,0,0.52000000000000002,6.7270000000000003,79.900000000000006,2.7778,5.0,384.0,EXAMPLE_100,27.5
0.38213999999999998,0,17.399999999999999,387.38,3.1299999999999999,6.2000000000000002,0,0.504,8.0399999999999991,86.5,3.2157,8.0,307.0,EXAMPLE_226,37.600000000000001
10.0623,0,20.199999999999999,81.329999999999998,19.690000000000001,18.100000000000001,0,0.58399999999999996,6.8330000000000002,94.299999999999997,2.0882000000000001,24.0,666.0,EXAMPLE_431,14.1
0.14052000000000001,0,18.600000000000001,385.81,9.3800000000000008,10.59,0,0.48899999999999999,6.375,32.299999999999997,3.9453999999999998,4.0,277.0,EXAMPLE_213,28.100000000000001
12.247199999999999,0,20.199999999999999,24.649999999999999,15.69,18.100000000000001,0,0.58399999999999996,5.8369999999999997,59.700000000000003,1.9976,24.0,666.0,EXAMPLE_426,10.199999999999999
2.3138999999999998,0,14.699999999999999,348.13,12.029999999999999,19.579999999999998,0,0.60499999999999998,5.8799999999999999,97.299999999999997,2.3887,5.0,403.0,EXAMPLE_171,19.100000000000001
0.081869999999999998,0,18.0,393.52999999999997,3.5699999999999998,2.8900000000000001,0,0.44500000000000001,7.8200000000000003,36.899999999999999,3.4952000000000001,2.0,276.0,EXAMPLE_98,43.799999999999997
0.036150000000000002,80.0,19.199999999999999,396.89999999999998,4.7000000000000002,4.9500000000000002,0,0.41099999999999998,6.6299999999999999,23.399999999999999,5.1166999999999998,4.0,245.0,EXAMPLE_292,27.899999999999999
0.19802,0,18.600000000000001,393.63,9.4700000000000006,10.59,0,0.48899999999999999,6.1820000000000004,42.399999999999999,3.9453999999999998,4.0,277.0,EXAMPLE_215,25.0
0.17171,25.0,19.699999999999999,378.07999999999998,14.44,5.1299999999999999,0,0.45300000000000001,5.9660000000000002,93.400000000000006,6.8185000000000002,8.0,284.0,EXAMPLE_61,16.0
0.22927,0,17.899999999999999,392.74000000000001,18.800000000000001,6.9100000000000001,0,0.44800000000000001,6.0300000000000002,85.5,5.6894,3.0,233.0,EXAMPLE_47,16.600000000000001
1.3879900000000001,0,21.0,232.59999999999999,27.710000000000001,8.1400000000000006,0,0.53800000000000003,5.9500000000000002,82.0,3.9900000000000002,4.0,307.0,EXAMPLE_32,13.199999999999999
0.57833999999999997,20.0,13.0,384.54000000000002,7.4400000000000004,3.9700000000000002,0,0.57499999999999996,8.2970000000000006,67.0,2.4216000000000002,5.0,264.0,EXAMPLE_267,50.0
0.24102999999999999,0,19.600000000000001,396.89999999999998,12.789999999999999,7.3799999999999999,0,0.49299999999999999,6.0830000000000002,43.700000000000003,5.4158999999999997,5.0,287.0,EXAMPLE_327,22.199999999999999
0.017780000000000001,95.0,17.0,384.30000000000001,4.4500000000000002,1.47,0,0.40300000000000002,7.1349999999999998,13.9,7.6534000000000004,3.0,402.0,EXAMPLE_200,32.899999999999999
5.4411399999999999,0,20.199999999999999,355.29000000000002,17.73,18.100000000000001,0,0.71299999999999997,6.6550000000000002,98.200000000000003,2.3552,24.0,666.0,EXAMPLE_451,15.199999999999999
0.95577000000000001,0,21.0,306.38,17.280000000000001,8.1400000000000006,0,0.53800000000000003,6.0469999999999997,88.799999999999997,4.4534000000000002,4.0,307.0,EXAMPLE_27,14.800000000000001
8.6447599999999998,0,20.199999999999999,396.89999999999998,15.17,18.100000000000001,0,0.69299999999999995,6.1929999999999996,92.599999999999994,1.7911999999999999,24.0,666.0,EXAMPLE_393,13.800000000000001
0.53700000000000003,0,17.399999999999999,378.35000000000002,11.65,6.2000000000000002,0,0.504,5.9809999999999999,68.099999999999994,3.6715,8.0,307.0,EXAMPLE_230,24.300000000000001
0.54010999999999998,20.0,13.0,392.80000000000001,9.5899999999999999,3.9700000000000002,0,0.64700000000000002,7.2030000000000003,81.799999999999997,2.1120999999999999,5.0,264.0,EXAMPLE_260,33.799999999999997
0.045900000000000003,52.5,16.600000000000001,396.89999999999998,7.5999999999999996,5.3200000000000003,0,0.40500000000000003,6.3150000000000004,45.600000000000001,7.3171999999999997,6.0,293.0,EXAMPLE_288,22.300000000000001
1.8337699999999999,0,14.699999999999999,389.61000000000001,1.9199999999999999,19.579999999999998,1.0,0.60499999999999998,7.8019999999999996,98.200000000000003,2.0407000000000002,5.0,403.0,EXAMPLE_162,50.0
9.3388899999999992,0,20.199999999999999,60.719999999999999,24.079999999999998,18.100000000000001,0,0.67900000000000005,6.3799999999999999,95.599999999999994,1.9681999999999999,24.0,666.0,EXAMPLE_429,9.5
0.24979999999999999,0,21.199999999999999,392.04000000000002,21.32,21.890000000000001,0,0.624,5.8570000000000002,98.200000000000003,1.6686000000000001,4.0,437.0,EXAMPLE_138,13.300000000000001
0.11027000000000001,25.0,19.699999999999999,396.89999999999998,6.7300000000000004,5.1299999999999999,0,0.45300000000000001,6.4560000000000004,67.799999999999997,7.2255000000000003,8.0,284.0,EXAMPLE_62,22.199999999999999
0.55778000000000005,0,21.199999999999999,394.67000000000002,16.960000000000001,21.890000000000001,0,0.624,6.335,98.200000000000003,2.1107,4.0,437.0,EXAMPLE_135,18.100000000000001
0.32543,0,21.199999999999999,396.89999999999998,15.390000000000001,21.890000000000001,0,0.624,6.431,98.799999999999997,1.8125,4.0,437.0,EXAMPLE_128,18.0
5.73116,0,20.199999999999999,395.27999999999997,7.0099999999999998,18.100000000000001,0,0.53200000000000003,7.0609999999999999,77.0,3.4106000000000001,24.0,666.0,EXAMPLE_482,25.0
0.21124000000000001,12.5,15.199999999999999,386.63,29.93,7.8700000000000001,0,0.52400000000000002,5.6310000000000002,100.0,6.0820999999999996,5.0,311.0,EXAMPLE_8,16.5
0.30347000000000002,0,19.600000000000001,396.89999999999998,6.1500000000000004,7.3799999999999999,0,0.49299999999999999,6.3120000000000003,28.899999999999999,5.4158999999999997,5.0,287.0,EXAMPLE_326,23.0
13.075100000000001,0,20.199999999999999,396.89999999999998,14.76,18.100000000000001,0,0.57999999999999996,5.7130000000000001,56.700000000000003,2.8237000000000001,24.0,666.0,EXAMPLE_469,20.100000000000001
0.01951,17.5,18.600000000000001,393.24000000000001,8.0500000000000007,1.3799999999999999,0,0.41610000000000003,7.1040000000000001,59.5,9.2228999999999992,3.0,216.0,EXAMPLE_64,33.0
0.044170000000000001,70.0,14.800000000000001,390.86000000000001,6.0700000000000003,2.2400000000000002,0,0.40000000000000002,6.8710000000000004,47.399999999999999,7.8277999999999999,5.0,358.0,EXAMPLE_300,24.800000000000001
0.63795999999999997,0,21.0,380.01999999999998,10.26,8.1400000000000006,0,0.53800000000000003,6.0960000000000001,84.5,4.4619,4.0,307.0,EXAMPLE_14,18.199999999999999
2.4466800000000002,0,14.699999999999999,88.629999999999995,16.140000000000001,19.579999999999998,0,0.871,5.2720000000000002,94.0,1.7363999999999999,5.0,403.0,EXAMPLE_156,13.1
0.033590000000000002,75.0,18.300000000000001,395.62,1.98,2.9500000000000002,0,0.42799999999999999,7.024,15.800000000000001,5.4010999999999996,3.0,252.0,EXAMPLE_40,34.899999999999999
17.866700000000002,0,20.199999999999999,393.74000000000001,21.780000000000001,18.100000000000001,0,0.67100000000000004,6.2229999999999999,100.0,1.3861000000000001,24.0,666.0,EXAMPLE_379,10.199999999999999
3.1636000000000002,0,20.199999999999999,334.39999999999998,14.130000000000001,18.100000000000001,0,0.65500000000000003,5.7590000000000003,48.200000000000003,3.0665,24.0,666.0,EXAMPLE_465,19.899999999999999
11.9511,0,20.199999999999999,332.08999999999997,12.130000000000001,18.100000000000001,0,0.65900000000000003,5.6079999999999997,100.0,1.2851999999999999,24.0,666.0,EXAMPLE_407,27.899999999999999
0.045600000000000002,0,16.399999999999999,392.80000000000001,13.51,13.890000000000001,1.0,0.55000000000000004,5.8879999999999999,56.0,3.1120999999999999,5.0,276.0,EXAMPLE_216,23.300000000000001
0.21038000000000001,20.0,14.9,396.89999999999998,4.8499999999999996,3.3300000000000001,0,0.44290000000000002,6.8120000000000003,32.200000000000003,4.1006999999999998,5.0,216.0,EXAMPLE_279,35.100000000000001
9.3906299999999998,0,20.199999999999999,396.89999999999998,22.879999999999999,18.100000000000001,0,0.73999999999999999,5.6269999999999998,93.900000000000006,1.8171999999999999,24.0,666.0,EXAMPLE_439,12.800000000000001
0.10959000000000001,0,21.0,393.44999999999999,6.4800000000000004,11.93,0,0.57299999999999995,6.7939999999999996,89.299999999999997,2.3889,1.0,273.0,EXAMPLE_504,22.0
0.03041,0,20.199999999999999,394.81,10.56,5.1900000000000004,0,0.51500000000000001,5.8949999999999996,59.600000000000001,5.6150000000000002,5.0,224.0,EXAMPLE_337,18.5
0.52058000000000004,0,17.399999999999999,388.44999999999999,9.5399999999999991,6.2000000000000002,1.0,0.50700000000000001,6.6310000000000002,76.5,4.1479999999999997,8.0,307.0,EXAMPLE_236,25.100000000000001
0.25198999999999999,0,18.600000000000001,389.43000000000001,18.059999999999999,10.59,0,0.48899999999999999,5.7830000000000004,72.700000000000003,4.3548999999999998,4.0,277.0,EXAMPLE_207,22.5
0.21718999999999999,0,18.600000000000001,390.94,16.030000000000001,10.59,1.0,0.48899999999999999,5.8070000000000004,53.799999999999997,3.6526000000000001,4.0,277.0,EXAMPLE_212,22.399999999999999
0.12931999999999999,0,16.0,396.89999999999998,6.2699999999999996,13.92,0,0.437,6.6779999999999999,31.100000000000001,5.9603999999999999,4.0,289.0,EXAMPLE_295,28.600000000000001
6.6549199999999997,0,20.199999999999999,396.89999999999998,13.99,18.100000000000001,0,0.71299999999999997,6.3170000000000002,83.0,2.7343999999999999,24.0,666.0,EXAMPLE_462,19.5
0.21409,22.0,19.100000000000001,377.06999999999999,3.5899999999999999,5.8600000000000003,0,0.43099999999999999,6.4379999999999997,8.9000000000000004,7.3967000000000001,7.0,330.0,EXAMPLE_251,24.800000000000001
0.27956999999999999,0,19.199999999999999,396.89999999999998,13.59,9.6899999999999995,0,0.58499999999999996,5.9260000000000002,42.600000000000001,2.3816999999999999,6.0,391.0,EXAMPLE_494,24.5
7.8393199999999998,0,20.199999999999999,396.89999999999998,13.220000000000001,18.100000000000001,0,0.65500000000000003,6.2089999999999996,65.400000000000006,2.9634,24.0,666.0,EXAMPLE_464,21.399999999999999
0.10000000000000001,34.0,16.100000000000001,390.43000000000001,4.8600000000000003,6.0899999999999999,0,0.433,6.9820000000000002,17.699999999999999,5.4916999999999998,7.0,329.0,EXAMPLE_303,33.100000000000001
0.062109999999999999,40.0,19.699999999999999,396.89999999999998,5.9800000000000004,1.25,0,0.42899999999999999,6.4900000000000002,44.399999999999999,8.7920999999999996,1.0,335.0,EXAMPLE_350,22.899999999999999
0.090649999999999994,20.0,18.600000000000001,391.33999999999997,13.65,6.96,1.0,0.46400000000000002,5.9199999999999999,61.5,3.9175,3.0,223.0,EXAMPLE_269,20.699999999999999
0.034450000000000001,82.5,14.699999999999999,393.76999999999998,7.4299999999999997,2.0299999999999998,0,0.41499999999999998,6.1619999999999999,38.399999999999999,6.2699999999999996,2.0,348.0,EXAMPLE_201,24.100000000000001
1.46336,0,14.699999999999999,374.43000000000001,1.73,19.579999999999998,0,0.60499999999999998,7.4889999999999999,90.799999999999997,1.9709000000000001,5.0,403.0,EXAMPLE_161,50.0
0.15936,0,17.899999999999999,394.45999999999998,7.4400000000000004,6.9100000000000001,0,0.44800000000000001,6.2110000000000003,6.5,5.7209000000000003,3.0,233.0,EXAMPLE_43,24.699999999999999
0.070129999999999998,0,16.399999999999999,392.77999999999997,9.6899999999999995,13.890000000000001,0,0.55000000000000004,6.6420000000000003,85.099999999999994,3.4211,5.0,276.0,EXAMPLE_217,28.699999999999999
14.2362,0,20.199999999999999,396.89999999999998,20.32,18.100000000000001,0,0.69299999999999995,6.343,100.0,1.5741000000000001,24.0,666.0,EXAMPLE_401,7.2000000000000002
0.090679999999999997,45.0,15.199999999999999,377.68000000000001,5.0999999999999996,3.4399999999999999,0,0.437,6.9509999999999996,21.5,6.4798,5.0,398.0,EXAMPLE_190,37.0
0.34939999999999999,0,18.399999999999999,396.24000000000001,9.9700000000000006,9.9000000000000004,0,0.54400000000000004,5.9720000000000004,76.700000000000003,3.1025,4.0,304.0,EXAMPLE_309,20.300000000000001
0.65664999999999996,20.0,13.0,391.93000000000001,6.9000000000000004,3.9700000000000002,0,0.64700000000000002,6.8419999999999996,100.0,2.0106999999999999,5.0,264.0,EXAMPLE_259,30.100000000000001
0.13261999999999999,0,20.899999999999999,394.05000000000001,16.469999999999999,8.5600000000000005,0,0.52000000000000002,5.851,96.700000000000003,2.1069,5.0,384.0,EXAMPLE_105,19.5
0.04981,21.0,16.800000000000001,396.89999999999998,8.4299999999999997,5.6399999999999997,0,0.439,5.9980000000000002,21.399999999999999,6.8147000000000002,4.0,243.0,EXAMPLE_53,23.399999999999999
8.1517400000000002,0,20.199999999999999,396.89999999999998,20.850000000000001,18.100000000000001,0,0.69999999999999996,5.3899999999999997,98.900000000000006,1.7281,24.0,666.0,EXAMPLE_389,11.5
0.027310000000000001,0,17.800000000000001,396.89999999999998,9.1400000000000006,7.0700000000000003,0,0.46899999999999997,6.4210000000000003,78.900000000000006,4.9671000000000003,2.0,242.0,EXAMPLE_1,21.600000000000001
6.2880700000000003,0,20.199999999999999,318.00999999999999,17.789999999999999,18.100000000000001,0,0.73999999999999999,6.3410000000000002,96.400000000000006,2.0720000000000001,24.0,666.0,EXAMPLE_446,14.9
0.15085999999999999,0,20.100000000000001,395.08999999999997,18.059999999999999,27.739999999999998,0,0.60899999999999999,5.4539999999999997,92.700000000000003,1.8209,4.0,711.0,EXAMPLE_488,15.199999999999999
0.21976999999999999,0,17.899999999999999,396.89999999999998,16.199999999999999,6.9100000000000001,0,0.44800000000000001,5.6020000000000003,62.0,6.0876999999999999,3.0,233.0,EXAMPLE_49,19.399999999999999
11.8123,0,20.199999999999999,48.450000000000003,22.739999999999998,18.100000000000001,0,0.71799999999999997,6.8239999999999998,76.5,1.794,24.0,666.0,EXAMPLE_419,8.4000000000000004
0.04113,25.0,19.0,396.89999999999998,5.29,4.8600000000000003,0,0.42599999999999999,6.7270000000000003,33.5,5.4006999999999996,4.0,281.0,EXAMPLE_80,28.0
0.13642000000000001,0,18.600000000000001,396.89999999999998,10.869999999999999,10.59,0,0.48899999999999999,5.891,22.300000000000001,3.9453999999999998,4.0,277.0,EXAMPLE_205,22.600000000000001
1.6128199999999999,0,21.0,248.31,20.34,8.1400000000000006,0,0.53800000000000003,6.0960000000000001,96.900000000000006,3.7597999999999998,4.0,307.0,EXAMPLE_34,13.5
8.4921299999999995,0,20.199999999999999,83.450000000000003,17.640000000000001,18.100000000000001,0,0.58399999999999996,6.3479999999999999,86.099999999999994,2.0527000000000002,24.0,666.0,EXAMPLE_430,14.5
0.82525999999999999,20.0,13.0,393.42000000000002,11.25,3.9700000000000002,0,0.64700000000000002,7.327,94.5,2.0788000000000002,5.0,264.0,EXAMPLE_263,31.0
37.661900000000003,0,20.199999999999999,18.82,14.52,18.100000000000001,0,0.67900000000000005,6.202,78.700000000000003,1.8629,24.0,666.0,EXAMPLE_427,10.9
3.6969500000000002,0,20.199999999999999,316.02999999999997,14.0,18.100000000000001,0,0.71799999999999997,4.9630000000000001,91.400000000000006,1.7523,24.0,666.0,EXAMPLE_366,21.899999999999999
0.039320000000000001,0,17.800000000000001,393.55000000000001,8.1999999999999993,3.4100000000000001,0,0.48899999999999999,6.4050000000000002,73.900000000000006,3.0920999999999998,2.0,270.0,EXAMPLE_91,22.0
0.054969999999999998,0,20.199999999999999,396.89999999999998,9.7400000000000002,5.1900000000000004,0,0.51500000000000001,5.9850000000000003,45.399999999999999,4.8121999999999998,5.0,224.0,EXAMPLE_339,19.0
14.3337,0,20.199999999999999,383.31999999999999,13.109999999999999,18.100000000000001,0,0.61399999999999999,6.2290000000000001,88.0,1.9512,24.0,666.0,EXAMPLE_479,21.399999999999999
0.053600000000000002,21.0,16.800000000000001,396.89999999999998,5.2800000000000002,5.6399999999999997,0,0.439,6.5110000000000001,21.100000000000001,6.8147000000000002,4.0,243.0,EXAMPLE_52,25.0
0.031130000000000001,0,18.800000000000001,385.63999999999999,10.529999999999999,4.3899999999999997,0,0.442,6.0140000000000002,48.5,8.0136000000000003,3.0,352.0,EXAMPLE_345,17.5
0.55006999999999995,20.0,13.0,387.88999999999999,8.0999999999999996,3.9700000000000002,0,0.64700000000000002,7.2060000000000004,91.599999999999994,1.9300999999999999,5.0,264.0,EXAMPLE_264,36.5
0.10612000000000001,30.0,16.600000000000001,394.62,12.4,4.9299999999999997,0,0.42799999999999999,6.0949999999999998,65.099999999999994,6.3361000000000001,6.0,300.0,EXAMPLE_241,20.100000000000001
0.62975999999999999,0,21.0,396.89999999999998,8.2599999999999998,8.1400000000000006,0,0.53800000000000003,5.9489999999999998,61.799999999999997,4.7074999999999996,4.0,307.0,EXAMPLE_13,20.399999999999999
0.25356000000000001,0,18.399999999999999,396.42000000000002,11.5,9.9000000000000004,0,0.54400000000000004,5.7050000000000001,77.700000000000003,3.9449999999999998,4.0,304.0,EXAMPLE_315,16.199999999999999
0.056599999999999998,0,17.800000000000001,396.89999999999998,5.5,3.4100000000000001,0,0.48899999999999999,7.0069999999999997,86.299999999999997,3.4217,2.0,270.0,EXAMPLE_88,23.600000000000001
22.597100000000001,0,20.199999999999999,396.89999999999998,31.989999999999998,18.100000000000001,0,0.69999999999999996,5.0,89.5,1.5184,24.0,666.0,EXAMPLE_387,7.4000000000000004
0.22187999999999999,20.0,18.600000000000001,390.76999999999998,6.5800000000000001,6.96,1.0,0.46400000000000002,7.6909999999999998,51.799999999999997,4.3665000000000003,3.0,223.0,EXAMPLE_273,35.200000000000003
2.0101900000000001,0,14.699999999999999,369.30000000000001,3.7000000000000002,19.579999999999998,0,0.60499999999999998,7.9290000000000003,96.200000000000003,2.0459000000000001,5.0,403.0,EXAMPLE_166,50.0
0.066170000000000007,0,16.899999999999999,382.44,9.9700000000000006,3.2400000000000002,0,0.46000000000000002,5.8680000000000003,25.800000000000001,5.2145999999999999,4.0,430.0,EXAMPLE_328,19.300000000000001
0.23912,0,19.199999999999999,396.89999999999998,12.92,9.6899999999999995,0,0.58499999999999996,6.0190000000000001,65.299999999999997,2.4091,6.0,391.0,EXAMPLE_498,21.199999999999999
0.97616999999999998,0,21.199999999999999,262.75999999999999,17.309999999999999,21.890000000000001,0,0.624,5.7569999999999997,98.400000000000006,2.3460000000000001,4.0,437.0,EXAMPLE_134,15.6
0.075029999999999999,33.0,18.399999999999999,396.89999999999998,6.4699999999999998,2.1800000000000002,0,0.47199999999999998,7.4199999999999999,71.900000000000006,3.0992000000000002,7.0,222.0,EXAMPLE_306,33.399999999999999
5.6917499999999999,0,20.199999999999999,392.68000000000001,14.98,18.100000000000001,0,0.58299999999999996,6.1139999999999999,79.799999999999997,3.5459000000000001,24.0,666.0,EXAMPLE_486,19.100000000000001
0.47547,0,18.399999999999999,396.23000000000002,12.73,9.9000000000000004,0,0.54400000000000004,6.1130000000000004,58.799999999999997,4.0019,4.0,304.0,EXAMPLE_319,21.0
0.12756999999999999,30.0,16.600000000000001,374.70999999999998,5.1900000000000004,4.9299999999999997,0,0.42799999999999999,6.3929999999999998,7.7999999999999998,7.0354999999999999,6.0,300.0,EXAMPLE_243,23.699999999999999
0.013599999999999999,75.0,21.100000000000001,396.89999999999998,14.800000000000001,4.0,0,0.40999999999999998,5.8879999999999999,47.600000000000001,7.3197000000000001,3.0,469.0,EXAMPLE_54,18.899999999999999
4.2223899999999999,0,20.199999999999999,353.04000000000002,14.640000000000001,18.100000000000001,1.0,0.77000000000000002,5.8029999999999999,89.0,1.9047000000000001,24.0,666.0,EXAMPLE_363,16.800000000000001
0.088730000000000003,21.0,16.800000000000001,395.56,13.449999999999999,5.6399999999999997,0,0.439,5.9630000000000001,45.700000000000003,6.8147000000000002,4.0,243.0,EXAMPLE_50,19.699999999999999
3.6931099999999999,0,20.199999999999999,391.43000000000001,14.65,18.100000000000001,0,0.71299999999999997,6.3760000000000003,88.400000000000006,2.5670999999999999,24.0,666.0,EXAMPLE_461,17.699999999999999
0.084470000000000003,0,16.600000000000001,393.23000000000002,9.6400000000000006,4.0499999999999998,0,0.51000000000000001,5.859,68.700000000000003,2.7019000000000002,5.0,296.0,EXAMPLE_174,22.600000000000001
0.67179999999999995,0,20.199999999999999,43.060000000000002,23.98,18.100000000000001,0,0.73999999999999999,6.4589999999999996,94.799999999999997,1.9879,24.0,666.0,EXAMPLE_445,11.800000000000001
0.083699999999999997,45.0,15.199999999999999,396.89999999999998,5.3899999999999997,3.4399999999999999,0,0.437,7.1849999999999996,38.899999999999999,4.5667,5.0,398.0,EXAMPLE_189,34.899999999999999
0.045269999999999998,0,21.0,396.89999999999998,9.0800000000000001,11.93,0,0.57299999999999995,6.1200000000000001,76.700000000000003,2.2875000000000001,1.0,273.0,EXAMPLE_502,20.600000000000001
5.8211500000000003,0,20.199999999999999,393.81999999999999,10.289999999999999,18.100000000000001,0,0.71299999999999997,6.5129999999999999,89.900000000000006,2.8016000000000001,24.0,666.0,EXAMPLE_463,20.199999999999999
0.078750000000000001,45.0,15.199999999999999,393.87,6.6799999999999997,3.4399999999999999,0,0.437,6.782,41.100000000000001,3.7886000000000002,5.0,398.0,EXAMPLE_187,32.0
2.4495300000000002,0,14.699999999999999,330.04000000000002,11.32,19.579999999999998,0,0.60499999999999998,6.4020000000000001,95.200000000000003,2.2625000000000002,5.0,403.0,EXAMPLE_169,22.300000000000001
0.15445,25.0,19.699999999999999,390.68000000000001,6.8600000000000003,5.1299999999999999,0,0.45300000000000001,6.1449999999999996,29.199999999999999,7.8148,8.0,284.0,EXAMPLE_58,23.300000000000001
0.25386999999999998,0,17.899999999999999,396.89999999999998,30.809999999999999,6.9100000000000001,0,0.44800000000000001,5.399,95.299999999999997,5.8700000000000001,3.0,233.0,EXAMPLE_48,14.4
0.03049,55.0,17.600000000000001,387.97000000000003,4.6100000000000003,3.7799999999999998,0,0.48399999999999999,6.8739999999999997,28.100000000000001,6.4653999999999998,5.0,370.0,EXAMPLE_344,31.199999999999999
0.33045000000000002,0,17.399999999999999,376.75,10.880000000000001,6.2000000000000002,0,0.50700000000000001,6.0860000000000003,61.5,3.6518999999999999,8.0,307.0,EXAMPLE_235,24.0
0.082210000000000005,22.0,19.100000000000001,386.08999999999997,3.5299999999999998,5.8600000000000003,0,0.43099999999999999,6.9569999999999999,6.7999999999999998,8.9067000000000007,7.0,330.0,EXAMPLE_252,29.600000000000001
0.85204000000000002,0,21.0,392.52999999999997,13.83,8.1400000000000006,0,0.53800000000000003,5.9649999999999999,89.200000000000003,4.0122999999999998,4.0,307.0,EXAMPLE_21,19.600000000000001
0.26938000000000001,0,18.399999999999999,393.38999999999999,7.9000000000000004,9.9000000000000004,0,0.54400000000000004,6.266,82.799999999999997,3.2627999999999999,4.0,304.0,EXAMPLE_313,21.600000000000001
6.8011699999999999,0,20.199999999999999,396.89999999999998,14.699999999999999,18.100000000000001,0,0.71299999999999997,6.0810000000000004,84.400000000000006,2.7174999999999998,24.0,666.0,EXAMPLE_459,20.0
1.27346,0,14.699999999999999,338.92000000000002,5.5,19.579999999999998,1.0,0.60499999999999998,6.25,92.599999999999994,1.7984,5.0,403.0,EXAMPLE_160,27.0
0.10469000000000001,40.0,17.600000000000001,389.25,6.0499999999999998,6.4100000000000001,1.0,0.44700000000000001,7.2670000000000003,49.0,4.7872000000000003,4.0,254.0,EXAMPLE_276,33.200000000000003
9.9665400000000002,0,20.199999999999999,386.73000000000002,18.850000000000001,18.100000000000001,0,0.73999999999999999,6.4850000000000003,100.0,1.9783999999999999,24.0,666.0,EXAMPLE_443,15.4
0.069110000000000005,45.0,15.199999999999999,389.70999999999998,4.6900000000000004,3.4399999999999999,0,0.437,6.7389999999999999,30.800000000000001,6.4798,5.0,398.0,EXAMPLE_191,30.5
16.811800000000002,0,20.199999999999999,396.89999999999998,30.809999999999999,18.100000000000001,0,0.69999999999999996,5.2770000000000001,98.099999999999994,1.4260999999999999,24.0,666.0,EXAMPLE_385,7.2000000000000002
0.082650000000000001,0,16.0,396.89999999999998,8.5800000000000001,13.92,0,0.437,6.1269999999999998,18.399999999999999,5.5026999999999999,4.0,289.0,EXAMPLE_293,23.899999999999999
28.655799999999999,0,20.199999999999999,210.97,20.079999999999998,18.100000000000001,0,0.59699999999999998,5.1550000000000002,100.0,1.5893999999999999,24.0,666.0,EXAMPLE_413,16.300000000000001
0.025430000000000001,55.0,17.600000000000001,396.89999999999998,7.1799999999999997,3.7799999999999998,0,0.48399999999999999,6.6959999999999997,56.399999999999999,5.7321,5.0,370.0,EXAMPLE_343,23.899999999999999
0.61153999999999997,20.0,13.0,389.69999999999999,5.1200000000000001,3.9700000000000002,0,0.64700000000000002,8.7040000000000006,86.900000000000006,1.8009999999999999,5.0,264.0,EXAMPLE_257,50.0
0.49297999999999997,0,18.399999999999999,396.89999999999998,4.54,9.9000000000000004,0,0.54400000000000004,6.6349999999999998,82.5,3.3174999999999999,4.0,304.0,EXAMPLE_308,22.800000000000001
2.7339699999999998,0,14.699999999999999,351.85000000000002,21.449999999999999,19.579999999999998,0,0.871,5.5970000000000004,94.900000000000006,1.5257000000000001,5.0,403.0,EXAMPLE_149,15.4
0.34005999999999997,0,21.199999999999999,395.04000000000002,12.6,21.890000000000001,0,0.624,6.4580000000000002,98.900000000000006,2.1185,4.0,437.0,EXAMPLE_130,19.199999999999999
1.4963200000000001,0,14.699999999999999,341.60000000000002,13.279999999999999,19.579999999999998,0,0.871,5.4039999999999999,100.0,1.5915999999999999,5.0,403.0,EXAMPLE_151,19.600000000000001
4.2613099999999999,0,20.199999999999999,390.74000000000001,12.67,18.100000000000001,0,0.77000000000000002,6.1120000000000001,81.299999999999997,2.5091000000000001,24.0,666.0,EXAMPLE_359,22.600000000000001
0.068599999999999994,0,18.0,396.89999999999998,6.1900000000000004,2.8900000000000001,0,0.44500000000000001,7.4160000000000004,62.5,3.4952000000000001,2.0,276.0,EXAMPLE_99,33.200000000000003
8.2672500000000007,0,20.199999999999999,347.88,8.8800000000000008,18.100000000000001,1.0,0.66800000000000004,5.875,89.599999999999994,1.1295999999999999,24.0,666.0,EXAMPLE_372,50.0
0.071510000000000004,0,18.5,395.14999999999998,8.4399999999999995,4.4900000000000002,0,0.44900000000000001,6.1210000000000004,56.799999999999997,3.7475999999999998,3.0,247.0,EXAMPLE_87,22.199999999999999
7.75223,0,20.199999999999999,272.20999999999998,16.23,18.100000000000001,0,0.71299999999999997,6.3010000000000002,83.700000000000003,2.7831000000000001,24.0,666.0,EXAMPLE_458,14.9
0.045440000000000001,0,16.899999999999999,368.56999999999999,9.0899999999999999,3.2400000000000002,0,0.46000000000000002,6.1440000000000001,32.200000000000003,5.8735999999999997,4.0,430.0,EXAMPLE_330,19.800000000000001
0.28954999999999997,0,18.600000000000001,348.93000000000001,29.550000000000001,10.59,0,0.48899999999999999,5.4119999999999999,9.8000000000000007,3.5874999999999999,4.0,277.0,EXAMPLE_214,23.699999999999999
3.7749799999999998,0,20.199999999999999,22.010000000000002,17.149999999999999,18.100000000000001,0,0.65500000000000003,5.952,84.700000000000003,2.8715000000000002,24.0,666.0,EXAMPLE_466,19.0
0.071650000000000005,0,19.100000000000001,377.67000000000002,14.27,25.649999999999999,0,0.58099999999999996,6.0039999999999996,84.099999999999994,2.1974,2.0,188.0,EXAMPLE_121,20.300000000000001
0.047410000000000001,0,21.0,396.89999999999998,7.8799999999999999,11.93,0,0.57299999999999995,6.0300000000000002,80.799999999999997,2.5049999999999999,1.0,273.0,EXAMPLE_505,11.9
1.25179,0,21.0,376.56999999999999,21.02,8.1400000000000006,0,0.53800000000000003,5.5700000000000003,98.099999999999994,3.7978999999999998,4.0,307.0,EXAMPLE_20,13.6
0.12579000000000001,45.0,15.199999999999999,382.83999999999997,4.5599999999999996,3.4399999999999999,0,0.437,6.556,29.100000000000001,4.5667,5.0,398.0,EXAMPLE_188,29.800000000000001
0.15876000000000001,0,19.199999999999999,376.94,9.8800000000000008,10.81,0,0.41299999999999998,5.9610000000000003,17.5,5.2873000000000001,4.0,305.0,EXAMPLE_71,21.699999999999999
0.17119999999999999,0,20.899999999999999,395.67000000000002,18.66,8.5600000000000005,0,0.52000000000000002,5.8360000000000003,91.900000000000006,2.2109999999999999,5.0,384.0,EXAMPLE_106,19.5
0.29915999999999998,20.0,18.600000000000001,388.64999999999998,13.0,6.96,0,0.46400000000000002,5.8559999999999999,42.100000000000001,4.4290000000000003,3.0,223.0,EXAMPLE_270,21.100000000000001
0.015010000000000001,80.0,17.0,390.94,5.9900000000000002,2.0099999999999998,0,0.435,6.6349999999999998,29.699999999999999,8.3439999999999994,4.0,280.0,EXAMPLE_348,24.5
11.160399999999999,0,20.199999999999999,109.84999999999999,23.27,18.100000000000001,0,0.73999999999999999,6.6289999999999996,94.599999999999994,2.1246999999999998,24.0,666.0,EXAMPLE_435,13.4
0.22875999999999999,0,20.899999999999999,70.799999999999997,10.630000000000001,8.5600000000000005,0,0.52000000000000002,6.4050000000000002,85.400000000000006,2.7147000000000001,5.0,384.0,EXAMPLE_102,18.600000000000001
