feature_counts@TOEIC_Script	Corrected_TTR,feature_counts@TOEIC_Script	Root_TTR,feature_counts@TOEIC_Script	aoa_freq,feature_counts@TOEIC_Script	aoa_score,feature_counts@TOEIC_Script	concrete_5,feature_counts@TOEIC_Script	concrete_6,feature_counts@TOEIC_Script	concrete_freq,feature_counts@TOEIC_Script	concrete_score,feature_counts@TOEIC_Script	image_5,feature_counts@TOEIC_Script	image_6,feature_counts@TOEIC_Script	image_freq,feature_counts@TOEIC_Script	image_score,feature_counts@TOEIC_Script	listenability_UV_GenSrvcList_token,feature_counts@TOEIC_Script	listenability_UV_GenSrvcList_type,feature_counts@TOEIC_Script	listenability_biber_token,feature_counts@TOEIC_Script	listenability_biber_type,feature_counts@TOEIC_Script	listenability_bnc_token,feature_counts@TOEIC_Script	listenability_bnc_type,feature_counts@TOEIC_Script	listenability_fisher_token,feature_counts@TOEIC_Script	listenability_fisher_type,feature_counts@TOEIC_Script	listenability_micaseBiber_token,feature_counts@TOEIC_Script	listenability_micaseBiber_type,feature_counts@TOEIC_Script	listenability_micase_token,feature_counts@TOEIC_Script	listenability_micase_type,feature_counts@TOEIC_Script	listenability_swb_train_token,feature_counts@TOEIC_Script	listenability_swb_train_type,AccNum,Rbis
2.539,3.5907,2.1579,3.845,2.4574,2.1579,2.9336,3.6196,2.4574,1.8599,2.9513,3.712,9972.2353,3333.0,11848.4815,4876.5,57397.7857,21462.1053,116570.6071,42133.6316,496.8214,170.8421,1573.3043,712.9286,495.1786,679.5263,VE310796,0.34
3.1113,4.4,2.0828,3.02,2.5065,2.2068,2.9643,3.6548,2.4487,2.0828,2.9643,3.7165,20205.6429,14482.1818,18290.913,13065.7,84718.0,58787.4545,145816.16,101155.4545,337.6957,191.3,2098.4762,1508.9444,1516.8,1695.1818,VE310006,0.4
1.8764,2.6536,2.4664,2.82,2.3208,2.2244,2.9627,3.4255,2.3997,2.2244,2.9627,3.5782,29381.9167,15588.0,20195.7917,11799.4615,103001.7917,61889.3077,157908.0833,98592.6154,216.5,194.0769,2644.0526,1447.3636,192.7917,111.7692,VE336202,0.64
2.0801,2.9417,2.2862,2.494,2.4895,0.0,2.9834,3.7124,2.4895,1.5962,2.9834,3.8588,30421.1667,18101.5714,19315.3077,11791.0667,97179.4231,61018.3333,151356.6538,99173.8,227.2692,207.6667,2469.0476,1804.8,749.8077,637.0,VC474372,0.75
2.0801,2.9417,2.1899,2.6225,2.2862,2.0659,2.928,3.4014,2.2862,1.8917,2.9472,3.6291,13843.1429,5067.3333,14945.1154,4805.6,76699.2,25289.2857,146211.6154,44437.8,625.0,178.6667,2045.8182,769.0909,195.1923,260.6667,VF005819,0.36
2.8887,4.0853,2.2391,2.8280000000000003,2.5389,2.3178,2.9183,3.9383,2.5389,2.4423,2.9183,4.0825,9371.1111,7900.7857,11915.1379,9352.2273,49970.7586,40367.9091,121867.1724,87316.4091,3476.2759,2256.7727,1691.3462,1319.6842,6704.3103,4556.5,VE501106,0.2
3.1514,4.4567,2.1428,3.3825,2.1428,1.8449,2.8604,3.4967,2.1428,0.0,2.8604,3.61,16959.8462,12586.4444,13088.72,8310.0,67012.28,40358.619,123965.44,65007.2381,436.2,144.0476,1624.3182,1047.0556,140.2083,131.25,VE083140,0.4
2.875,4.0659,2.1966,3.71,2.3997,1.5085,2.9425,3.5354,2.1004,0.0,2.9425,3.5032,18864.4737,14337.1538,17366.4375,12565.0435,88009.1667,62709.7273,157170.3871,113142.2727,1191.9062,810.5652,2094.8214,1577.7895,1467.5312,1293.6522,VH004321,0.41
3.0735,4.3466,2.2542,3.18,2.5084,2.1579,2.9513,3.6264,2.4574,1.5648,2.9513,3.7624,12461.7647,11831.7692,13593.5714,11701.087,62020.6071,51579.6087,129207.0357,109231.913,1936.7143,2158.2609,2112.381,1975.75,3518.1429,4266.5217,VC390202,0.45
2.6348,3.7262,2.1899,3.2825,2.3651,0.0,2.928,3.6859,2.4317,0.0,2.928,3.9168,12172.0,11248.5,10889.04,8389.8889,54078.3077,41204.4737,110731.2692,83479.4211,225.0,178.5,1278.8571,987.2,2692.3077,2022.2105,VF562738,0.62
2.8311,4.0038,2.3864,3.4638,2.3286,1.4956,2.9292,3.2057,2.0871,0.0,2.9444,3.4217,11226.4737,14059.1818,11680.5,11641.9545,56144.6061,54786.8261,103723.7576,94474.913,268.6875,174.2273,1372.7143,1439.2222,1231.0,579.2609,VE070081,0.14
2.1106,2.9848,1.6669999999999998,2.56,1.6669999999999998,0.0,2.8343,3.594,2.1379,0.0,2.8343,3.9547,10289.0909,6848.0,14401.45,7803.3333,42058.3636,26326.7857,163397.9545,80930.0,9604.6,4062.0833,2268.55,1130.25,12804.9048,5429.5385,VE600805,0.34
2.8284,4.0,2.382,2.82,2.4487,2.2068,2.9827,3.8258,2.5065,2.0828,2.9827,3.955,15134.9333,13938.6364,14789.6667,13148.6842,68858.28,60866.95,113669.92,104564.55,176.36,197.3,1553.9565,1395.9444,1295.0417,677.4737,VE509111,0.51
2.7574,3.8996,2.3845,3.0543,2.4932,2.1428,2.9852,3.6071,2.4423,1.55,2.9852,3.7246,17011.0,11671.5455,16879.069,9645.2857,84917.6897,48106.2381,158000.3793,77638.2381,573.7931,174.4762,2085.8462,1192.8889,111.7931,101.2381,VE310401,0.62
2.1106,2.9848,1.9634,3.0,1.9634,1.6669999999999998,2.8343,3.284,1.9634,1.6669999999999998,2.8343,3.2867,39349.75,20974.6,21799.3889,10765.3846,110795.7778,56459.8462,157949.8333,88724.0769,125.0556,166.0,2852.5,1588.6667,168.8333,174.2308,VC476376,0.28
2.794,3.9513,2.289,3.295,2.2103,1.5219,2.9071,3.1488,2.1141,1.5219,2.9071,3.4444,13039.6875,9713.3,11251.8387,7426.5455,58390.4828,37831.7143,100496.2581,63779.5455,322.0645,206.7273,1433.68,1030.3125,155.069,205.1,VF523701,0.61
2.0616,2.9155,2.1704,2.56,2.3157,1.483,2.9875,3.4376,2.3157,1.7769,2.9875,3.6724,30844.4,16364.1111,26133.4706,13389.2941,122738.6471,64492.1765,181926.2059,104034.0,147.1176,175.5294,3122.931,1937.8333,335.6471,585.4118,VE648068,0.63
1.8974,2.6833,2.3032,2.335,2.4786,2.1790000000000003,3.0004,3.706,2.5453,2.1790000000000003,3.0004,3.807,27602.0769,11240.4286,25422.2,11393.5,122782.2,54822.75,172455.9,80017.6667,101.2,96.25,2675.55,1226.8333,142.55,146.5,VC464644,0.55
1.8764,2.6536,2.1004,3.0,2.3997,2.1004,2.9213,3.845,2.4664,1.6301,2.9213,3.9,11567.5,7066.0,12686.1739,6356.3333,73108.85,32402.5833,155215.8333,74075.7692,2922.2174,1410.75,1625.1429,883.6,2803.9583,1318.3846,VF091808,0.39
3.375,4.773,1.9766,2.8033,2.4506,2.2753,2.8756,3.7333,2.4506,1.5085,2.8933,3.8168,8405.8947,5271.2667,9137.6333,5950.52,43017.25,26146.7037,84027.7812,47661.2593,316.5333,134.12,1166.8,764.45,525.6875,602.3704,VE629931,0.49
3.414,4.8281,2.3178,3.36,2.1428,0.0,2.8806,3.2205,2.0189,0.0,2.8806,3.4241,11861.7,11795.4444,6891.1852,6564.0417,34145.6786,32356.24,63208.2759,58134.4615,145.3333,149.25,943.7,912.6471,2666.7241,1769.6538,VE090668,0.46
3.0773,4.3519,2.1833,3.092,2.1833,1.9634,2.897,3.4396,2.0871,1.4956,2.9134,3.6104,11068.45,5417.2857,10352.0968,5139.2174,52949.0,25769.2083,102564.125,47058.0,382.3226,166.4348,1197.5926,594.2632,351.4839,440.6522,VE636813,0.37
2.3591,3.3362,1.9443,3.1,2.1187,0.0,2.8941,3.6033,2.1187,1.6481,2.8941,3.9328,14778.6154,16314.4444,16008.4783,13248.9375,54633.4783,56675.3125,171739.1739,120110.125,8266.1739,3046.5625,2381.4545,1653.7333,11721.3043,4466.0,VC479160,0.55
2.0059,2.8368,1.6868,4.57,2.3786,0.0,2.9088,3.5724,2.4574,0.0,2.9088,3.8212,33966.2857,19562.8,15797.0952,10298.0769,78506.5714,52494.8462,119797.8095,85153.9231,149.0,187.9231,2306.3333,1406.0,201.7,288.25,VE336225,0.58
3.02,4.271,2.1428,2.98,2.3845,2.2391,2.9360000000000004,3.6116,2.4423,2.0189,2.9360000000000004,3.79,17118.2222,11970.8462,17054.3704,11123.6667,78874.8621,49834.1304,136592.8621,83752.4348,346.5,145.7273,2237.8636,1520.5,1208.4643,1499.9545,VE392670,0.51
3.2827,4.6424,2.2391,2.612,2.3845,1.8449,2.9183,3.485,2.3178,1.8449,2.9183,3.6825,10224.1765,9226.2308,9192.0714,7540.5833,44867.8621,35471.84,87630.2759,66922.8,291.0714,172.8333,1198.4348,1006.1053,1618.7857,1872.9167,VF089023,0.39
2.1947,3.1038,2.0043,2.8067,2.2244,0.0,2.8852,3.573,2.2244,0.0,2.8852,3.6896,11448.75,4294.1,15656.5862,5930.5,61077.7,21564.7059,187202.6552,70191.4375,6909.3793,3070.0,2264.5714,907.7333,9401.6552,4598.3125,VF441895,0.28
2.8577,4.0415,2.1736,3.3475,2.2699,1.8755,2.9116,3.3136,2.2699,1.5802,2.9116,3.57,19256.2143,16784.9,16771.9615,11835.4,78627.3333,54700.7143,147366.1923,97058.5,429.2692,175.7,2143.8636,1532.4375,1303.08,1685.0,VE868303,0.54
1.7393,2.4597,2.1790000000000003,2.3433,2.3997,2.0043,2.9036,4.0544,2.3997,1.7076,2.9036,4.2594,17078.7273,9473.4,16368.35,7461.9091,57673.4,26555.5455,201158.9,91673.2727,9768.35,4448.0,2896.8235,1542.5,13250.45,6047.2727,VC375141,0.42
2.4495,3.4641,1.8755,2.045,2.3487,2.0496,2.8914,3.7824,2.3487,1.5802,2.8914,3.9643,8211.0,4075.5,12465.7037,5778.2222,43323.8519,22560.6111,151997.1481,67149.5556,7217.6296,2753.2778,2014.48,895.75,10286.5926,4401.8889,VC395347,0.58
3.02,4.271,2.2391,3.54,2.4423,1.55,2.9531,3.5246,2.3845,1.55,2.9531,3.6581,14080.3846,11304.4444,11356.0,8233.0435,57033.8621,39798.913,114190.9655,75149.8696,331.8621,139.3043,1469.9129999999998,1081.7647,244.1034,281.7826,VE094645,0.51
2.7111,3.8341,2.3032,2.6533,2.3698,2.1282,2.9547,3.5363,2.4276,1.5357,2.9547,3.6748,15928.0,10784.4,17337.8148,10044.5556,80942.8621,44535.2,146754.8,68806.9048,575.6429,165.0,2373.6364,1492.1538,373.8667,479.8095,VE646656,0.48
2.2188,3.1379,2.1899,2.995,2.1899,2.0659,2.8866,3.7235,2.1899,0.0,2.8866,3.9075,15298.3571,13304.5714,13622.2692,8680.5,48483.6538,34875.625,159439.1923,92202.375,7461.5769,3083.0,2297.4545,1420.1667,10568.2692,4766.875,VC375933,0.43
2.9399,4.1576,2.0340000000000003,2.9333,2.5084,2.1579,2.9513,3.584,2.4574,1.8599,2.9513,3.6792,13052.0625,12359.0,13443.8462,11193.0476,61919.7857,53465.0455,110748.5357,90729.8636,344.7857,225.1364,1666.4348,1416.4444,2692.0,2865.9091,VE111487,0.23
2.1773,3.0792,2.1736,2.81,2.2699,0.0,2.9116,3.3941,2.2699,0.0,2.9116,3.5609,9052.1875,10458.25,10432.963,9046.0,53431.2222,47383.5625,111186.4815,90600.0,320.1481,217.6875,1172.875,1055.8462,1367.3704,593.625,VE337348,0.36
2.0555,2.9069,0.0,0.0,2.4786,2.0043,2.9036,4.4169,2.4786,2.3997,2.9036,4.7106,8051.8,5871.0,11993.3,6434.9231,31531.05,21604.3077,152290.05,78274.0,9514.3,3762.2308,2228.1111,1138.1818,13701.35,5837.9231,VC506392,0.43
2.9488,4.1703,2.3392,3.916,2.4848,0.0,2.9176,3.7811,2.3392,1.9443,2.9398,3.8835,11034.1111,12405.125,8953.9565,8253.55,41503.1304,39709.55,69532.4348,65468.95,162.7826,146.8,1642.5,1632.9091,183.4783,210.75,VE072174,0.55
2.4495,3.4641,2.4732,3.0638,2.6111,0.0,2.967,4.0256,2.3487,1.8755,2.967,4.0528,13408.25,11742.3333,10146.7692,8822.6471,50147.5556,42935.4444,94925.7692,73520.5882,297.1923,154.7059,1217.4348,1106.1429,748.4231,594.5882,VE801961,0.43
3.302,4.6697,2.1141,3.29,2.289,1.9902,2.9071,3.2932,2.2103,1.8163,2.9071,3.4584,17405.8667,12639.4615,14677.0968,10432.5769,70636.8387,51594.3846,117259.5806,87150.5385,225.6129,146.8077,2193.6818,1623.2941,478.6774,348.8846,VE106673,0.51
2.5856,3.6566,2.0496,3.18,2.1736,1.8755,2.9116,3.3895,2.1736,0.0,2.9116,3.5173,13480.0,15814.1111,13212.3704,11868.0,65240.2308,58993.9444,115241.2222,94100.7368,316.3704,183.7368,1648.1304,1550.0,1123.6296,628.8947,VE856542,0.39
2.54,3.5921,2.4134,2.5,2.4134,1.8163,2.9715,3.7121,2.51,1.5219,2.9715,3.8883,20334.9375,16025.4,16359.0645,12462.1,78471.9032,59674.75,131982.2258,98464.3,298.6333,209.5789,1750.2,1343.5789,680.0323,570.65,VE835987,0.39
2.5456,3.6,2.3032,3.374,2.382,1.9085,2.8814,3.4084,2.382,1.6128,2.9248,3.6733,8980.6,8982.0,7285.913,5933.125,34614.4,27777.4444,71938.1667,56623.7059,248.3333,194.1176,1273.0714,1220.0,40.9583,41.2353,VF564423,0.4
2.8014,3.9618,2.1187,3.0167,2.4848,2.3392,2.8693,4.1476,2.5936,2.2428,2.8941,4.3861,13759.5385,9847.4,11218.8261,6994.6316,61105.5,37515.2778,109001.9565,58195.5789,367.3043,121.8947,1740.6875,1165.1667,112.9091,107.1111,VE336197,0.37
2.4495,3.4641,2.1736,3.01,2.4732,2.0496,2.9309,3.5965,2.4154,0.0,2.9493,3.6929,8561.1765,3368.5,11045.8148,5334.0,54886.4444,25240.8889,113394.5556,50987.8333,446.1111,176.2778,1523.9091,836.0769,1133.3333,1156.4444,VE309488,0.54
2.0555,2.9069,1.7076,4.33,2.3997,1.7076,2.8756,4.0007,2.4786,2.1790000000000003,2.9036,4.2075,10813.2727,9497.2857,11541.7895,8687.8333,63412.1875,43135.75,144912.25,94094.7692,3199.05,1360.6923,1455.9444,1050.0909,3339.95,1311.1538,VC375291,0.41
1.8333,2.5927,2.0496,2.155,2.3487,2.2244,2.8246,4.09,2.3487,0.0,2.8246,4.0092,24931.1429,26292.6667,14943.8889,9918.5455,86670.7143,51263.0,153635.6667,88266.6364,3286.8889,1349.1818,2206.2857,1713.0,3723.0556,1562.7273,VC344537,0.39
3.2071,4.5356,2.333,2.575,2.2542,1.8599,2.9336,3.2662,2.2542,1.5648,2.9336,3.4483,18490.9375,15832.5385,17149.8846,14501.4545,79068.7857,65696.5,142070.8571,112824.875,340.7692,209.9091,2024.6364,1760.3889,1501.4643,1735.5417,VE611181,0.66
2.7217,3.849,2.4154,3.04,2.5242,2.0496,2.9493,3.8254,2.5242,2.4154,2.9493,4.0125,4874.5,5702.8889,6053.7778,6039.3,33318.4444,34088.4,62151.4444,64998.4,229.5185,278.7,890.6087,992.125,763.4444,493.65,VE454655,0.54
1.6667,2.357,2.2244,3.3867,2.4453,2.3487,2.9213,3.4893,2.4453,2.2244,2.9213,3.6493,28124.1,14201.4,24423.5882,13891.0,109480.1667,57627.8,164510.4118,94118.0,151.4706,193.1111,3143.0,1938.2857,97.1111,95.1,VC470441,0.28
2.8402,4.0166,1.5357,2.14,2.2244,1.5357,2.9036,3.2892,2.1282,1.5357,2.9213,3.5388,13294.2778,7837.25,13857.5172,7825.6190000000015,65598.5333,35947.9091,135368.3929,71555.05,432.5172,174.4762,1753.9167,1039.8125,681.25,466.95,VE636607,0.4
3.5,4.9497,2.3419,3.07,2.4506,2.1004,2.9425,3.6875,2.3997,1.8028,2.9577,3.8141,16651.4444,13063.8571,13741.1935,10057.0,67263.125,48445.7143,121322.0625,81409.4286,327.6452,154.3333,1910.6957,1477.4737,1031.2812,1158.1786,VC504055,0.47
3.2827,4.6424,1.8449,3.555,2.3178,1.55,2.9183,3.4842,2.3845,1.8449,2.9360000000000004,3.6856,17767.6,11911.5833,14450.6429,9776.5417,70772.2069,47182.16,124980.8571,82443.2917,317.8214,197.3333,1872.6957,1313.7895,1703.4643,1961.25,VE749779,0.56
2.8062,3.9686,1.8599,2.655,2.1579,1.5648,2.9151,3.2157,2.1579,1.8599,2.9151,3.4174,23118.4375,15322.9,18262.8571,11072.0952,91113.8571,54140.6667,145620.25,91166.7619,198.7143,154.2857,2165.5,1424.7647,1182.1786,1540.6667,VC479158,0.66
2.8311,4.0038,1.9634,1.9467,2.3286,2.262,2.9444,3.4741,2.3286,1.9634,2.9444,3.5641,16672.0,12331.4286,15076.5,9993.7727,79962.3333,51321.5455,147813.1667,81941.4091,498.8,138.8182,1674.7857,1065.7,355.8,434.4545,VC503915,0.47
3.048,4.3105,1.9902,3.0267,2.3557,1.8163,2.9715,3.2938,2.3557,0.0,2.9715,3.4459,20120.2632,14650.7143,19137.6774,12485.7083,94459.4194,61625.4167,168177.6452,107329.125,411.1935,154.5833,2236.3929,1420.9524,1203.0667,1525.6522,VE835921,0.65
2.0642,2.9192,1.9443,2.65,2.2428,1.6481,2.8693,3.7541,2.2428,1.6481,2.8693,3.9729,16640.7143,13870.125,18546.6522,12520.1429,69616.7391,54245.4286,188667.4783,117716.1429,8271.1739,3488.1429,2808.0,1818.5833,11651.0,4969.0714,VC361356,0.45
2.8577,4.0415,1.5802,3.69,2.3487,2.0496,2.9116,3.39,2.3487,1.5802,2.9116,3.5514,16179.7143,13283.2727,15774.1154,10438.8,71486.0,47295.8571,127089.0741,76427.0952,400.2963,150.6667,2048.2727,1328.375,533.3333,658.8571,VC516901,0.56
2.0059,2.8368,2.1579,3.3433,2.3786,0.0,2.8246,3.9086,2.2821,0.0,2.8246,3.8186,6164.7273,6485.1667,8114.95,6224.5,40715.8824,30071.5,108926.9524,73270.0769,3081.2,1422.0,1245.375,1075.5,4452.7619,1999.1538,VE337350,0.51
2.794,3.9513,2.289,3.0,2.51,2.2103,2.9405,3.7452,2.51,2.2103,2.9563,3.8879,11959.5,8587.8,15362.7333,10097.9524,74120.871,47775.2273,142725.2667,83941.2381,479.0968,170.6364,1953.2308,1307.8824,353.0323,455.0455,VE501338,0.17
3.2271,4.5638,2.0618,2.7025,2.2366,1.4709,2.8879,3.2993,2.2366,1.4709,2.9036,3.4275,19481.5263,14341.0769,14926.5,10892.0769,70706.5714,51377.7037,119502.2571,86071.1481,163.6286,124.2593,2074.4583,1652.1176,2423.8857,1631.5185,VE085217,0.31
1.8333,2.5927,2.0496,2.635,2.3487,2.0496,2.8246,4.4175,2.4453,2.0496,2.8593,4.6585,16730.0,11735.25,14764.4118,8206.3,40908.4444,26262.0909,175270.7778,91554.0,10646.7222,4467.4545,2916.1429,1766.2857,14713.5556,6065.9091,VC361134,0.62
3.0735,4.3466,2.3997,3.4457,2.5953,1.8599,3.0004,3.7807,2.5541,2.1579,3.0004,3.9557,17552.2353,11385.6154,16585.037,10892.6364,79647.5714,50015.1304,138179.5357,83248.087,356.8519,159.1818,2224.0,1523.25,414.8519,472.2273,VE646427,0.43
2.8311,4.0038,2.4829,3.016,2.4373,1.9634,2.9733,3.3539,2.3286,1.7896,2.9733,3.4842,21816.3333,15222.1,18002.7273,9611.6957,88679.6061,47318.913,156504.9091,77282.3478,426.5152,129.5652,2170.2069,1190.0526,62.4848,37.2609,VF687035,0.49
1.8974,2.6833,2.0043,2.915,2.0043,1.7076,2.8136,3.6285,2.0043,0.0,2.8136,3.8246,11190.1,7961.8,14504.5,7975.0833,46080.15,30407.8333,180068.2,94969.0833,9593.05,4042.8333,2662.4706,1494.8889,13720.75,6341.3333,VC461316,0.61
2.3134,3.2717,2.0496,2.4433,2.3487,2.1736,2.967,3.414,2.3487,2.0496,2.967,3.5148,21649.0625,16000.7778,19420.4815,13220.2941,95621.7037,64085.2353,155583.5556,105461.1176,302.2593,191.5294,2282.2083,1638.0,786.5926,666.4706,VE310298,0.42
2.667,3.7717,2.1141,2.825,2.289,1.8163,2.8710000000000004,3.7804,2.289,1.9902,2.8710000000000004,3.8957,16853.7222,14770.4545,15593.6,11115.1,59899.3226,47217.381,162570.3226,96249.619,6522.4,2461.45,2229.25,1416.6111,8692.9032,3380.0,VE111465,0.64
3.3466,4.7329,2.1579,2.548,2.4119,1.4709,2.8879,3.7707,2.4119,1.7645,2.8879,3.9593,12617.7143,8737.3333,12576.3429,8113.1071,55831.9429,34704.3929,132846.9143,80466.0,2934.4286,1781.2857,2065.76,1458.6111,4787.3429,3605.9286,VF671336,0.51
2.1089,2.9824,2.0264,2.775,2.2011,0.0,2.8680000000000003,4.1964,2.4219,0.0,2.8680000000000003,4.5814,12397.3,15068.7143,15195.1579,13128.6923,45561.4737,55603.6154,168207.5789,123169.3077,9906.9474,3755.7692,2655.8235,1980.4545,13973.7895,5196.3846,VC382319,0.61
2.6726,3.7796,1.5648,2.92,2.333,1.5648,2.9151,3.4122,2.3997,2.0340000000000003,2.9336,3.6362,11915.0,7668.1429,9364.3333,4860.7368,49186.5357,25366.35,98714.8929,49258.55,332.1852,135.4211,1527.1667,992.4,3031.4074,2156.7368,VF095564,0.39
2.1089,2.9824,1.7294,3.0,2.3254,1.7294,2.8358,4.3038,2.4219,0.0,2.8358,4.4438,18996.0,18373.8,14737.6667,11210.25,40593.0,40826.3077,153128.7368,91935.5385,10423.7778,3924.9167,2589.5625,1719.3,14392.1053,5808.9231,VC383002,0.54
3.175,4.4901,2.2103,4.122,2.1141,0.0,2.8894,3.2879,2.1141,1.5219,2.8894,3.5617,14326.5,9649.8182,13567.4286,8296.0455,63879.9667,37702.5833,116506.4516,66297.36,416.8214,182.7727,1613.44,992.2105,1073.4333,1318.4583,VE802754,0.38
2.8062,3.9686,2.4574,2.8312,2.333,1.8599,2.8958,3.4832,2.333,1.8599,2.9151,3.7278,12976.875,11909.8182,12508.1538,10210.5789,61808.2222,49419.0,109427.8519,79310.9,325.6538,177.6316,1465.1304,1233.5,822.0,632.7895,VC497210,0.22
3.25,4.5962,2.1966,2.68,2.2753,1.9766,2.9104,3.4738,2.3419,1.9766,2.9104,3.7204,14952.1053,11150.5333,12620.5625,8777.3846,64176.1875,44664.2308,120458.9032,77188.08,333.7188,163.2692,1403.7241,975.1304,313.6552,370.5217,VE310292,0.48
3.125,4.4194,2.1966,3.5660000000000003,2.3419,2.1004,2.9104,3.5315,2.3997,2.3419,2.9425,3.6821,20226.3158,12606.3077,19353.9655,11442.4545,95617.1379,55676.0,148261.9677,83923.9583,354.3793,171.3182,2561.7391,1600.75,551.5667,668.8261,VE335631,0.55
3.048,4.3105,2.2103,2.682,2.5889,2.1141,2.9862,3.8473,2.5889,2.289,3.0004,3.9745,21416.2632,12289.1538,18768.8,10621.3913,91801.3226,49855.0,156310.0968,83544.0417,404.6333,184.087,2362.12,1328.3684,1303.5484,1622.6667,VE310413,0.31
1.9598,2.7716,1.6669999999999998,3.0,2.262,1.6669999999999998,2.8886,3.9065,2.262,1.9634,2.8886,4.1571,14651.6154,7138.8571,15102.4545,6689.8462,53587.4545,24428.2308,184634.4545,80552.7692,8878.5455,3760.6923,2480.6,1155.0909,12215.2273,5403.5385,VC344791,0.66
2.2087,3.1236,2.2792,2.86,2.3878,1.4476,2.9885,3.4958,2.3369,1.7408,2.9885,3.6647,24350.8182,14571.5,22900.8,12837.8824,102886.5405,55599.8421,161086.4865,88009.6842,253.0857,169.2353,2572.375,1599.3571,170.7297,262.2632,VE868306,0.22
3.375,4.773,2.1004,2.6925,2.3419,1.5085,2.9724,3.5827,2.3997,1.8028,2.9724,3.7773,16809.5333,10714.0,12576.9062,7863.3704,63068.3125,39506.1111,105472.6875,64582.1481,243.6875,121.3333,1614.3704,1037.0455,1508.4062,1764.4074,VE120328,0.65
2.4689,3.4915,2.3786,3.338,2.2821,0.0,2.9088,3.4753,2.2821,0.0,2.9088,3.6788,9182.8889,7968.5714,7694.6190000000015,5642.0,40539.381,30808.3125,78826.0,56601.0625,275.9048,196.875,1146.5333,925.1,27.8,24.4667,VC497377,0.53
2.2613,3.198,2.3585,2.602,2.3585,1.9634,2.8886,3.5829,2.504,1.6669999999999998,2.9134,3.865,11776.1667,4744.1429,12345.6842,5156.2308,62792.2,25607.6429,133645.0,54082.4286,558.0526,187.3077,1495.7059,635.4545,212.0,249.6923,VC505749,0.45
2.2627,3.2,1.9085,2.93,2.2068,2.0828,2.8814,3.6274,2.2068,1.9085,2.8814,3.9047,12145.6,9254.6667,15608.875,9469.8,54049.84,36724.5625,174927.36,92372.0625,7763.56,3048.25,2326.6522,1248.7857,10648.04,4231.0625,VF095567,0.35
2.0059,2.8368,0.0,0.0,1.9833,0.0,2.7924,3.73,1.9833,0.0,2.7924,3.9785,16130.6,9521.4,14561.7,7010.4167,45622.4286,23358.3077,180689.3,86042.5,9676.65,4088.6667,2382.8947,1144.6364,12757.619,5354.3077,VC506378,0.54
2.4529,3.4689,2.0043,2.9333,2.3698,1.8304,2.8852,3.923,2.3698,1.8304,2.9036,4.0929,14186.8235,8635.6667,13973.0,7089.3333,52156.7333,28422.4737,156957.2667,74105.0526,6558.0333,2610.6316,2350.5833,1270.1538,9767.7241,4211.0556,VF004940,0.48
2.9938,4.2339,2.2699,3.32,2.2699,1.5802,2.8703,3.28,2.2699,1.5802,2.8703,3.5045,9403.0,5766.2857,9152.6667,5391.5789,39112.5926,21898.6818,77923.963,43049.4545,337.7083,176.6842,1565.375,1051.7273,559.4074,669.5,VH014517,0.08
3.2275,4.5644,2.3032,3.3717,2.4276,1.5357,2.9384,3.4704,2.3698,1.8304,2.9384,3.6092,12614.25,7885.6667,13101.3929,8051.7826,62559.4828,36712.0833,119673.0667,67235.68,431.3929,157.4348,1757.1818,1062.1176,480.5172,549.6667,VE646441,0.43
2.4948,3.5282,2.0189,3.4367,2.3845,0.0,2.8806,3.8105,2.2391,1.55,2.8806,3.8927,14372.125,9190.3333,13991.1034,7810.5263,54423.2759,33456.4211,163198.4828,84625.7368,6745.931,2587.7895,2328.5417,1277.3571,9788.0357,4197.7778,VF646511,0.46
3.125,4.4194,1.9766,2.4267,2.3997,1.8028,2.9104,3.6142,2.4506,2.1004,2.9104,3.8208,22345.7059,15392.4167,19641.4138,12831.1818,89191.3226,56472.875,148617.5161,96303.7917,296.4,175.2609,2169.0370000000007,1391.65,648.5312,435.68,VE647375,0.44
2.5981,3.6742,2.3208,3.404,2.2244,1.6301,2.9425,3.4862,2.2244,0.0,2.9425,3.7971,9429.6,7419.4545,13036.5417,9272.8889,50735.0833,35776.6667,134565.1667,91220.2778,4187.375,2750.1111,1947.1429,1388.5333,5577.1667,3749.7222,VC389312,0.27
2.1106,2.9848,1.9634,3.625,2.3585,1.9634,2.9134,3.8583,2.3585,1.9634,2.9134,4.13,14423.3077,9225.5,14774.3182,8423.2857,51881.1818,34783.7857,177499.2727,94550.5714,8820.2273,3541.1429,2424.45,1317.0833,12090.4545,4834.7143,VE899158,0.47
2.8311,4.0038,2.3864,2.5738,2.4829,1.7896,2.9733,3.7016,2.4829,2.262,2.9733,3.901,20831.4211,12888.0,18890.6875,11998.0,89701.2727,56692.1304,140186.8182,94759.5652,194.375,154.4545,2166.3448,1412.7368,330.7273,428.2174,VC456517,0.63
2.375,3.3588,2.2753,2.7533,2.2753,1.5085,2.8933,3.6616,2.3419,0.0,2.8933,3.8076,11413.2381,7150.3636,14453.7188,7330.8421,56871.8438,28951.0,166499.5625,75579.8947,6188.8438,2566.2105,2338.9259,1242.5,8704.5938,4008.0,VE590440,0.38
2.4042,3.4,1.9085,2.58,2.382,1.9085,2.9036,3.5225,2.4487,1.9085,2.9248,3.6862,34468.9,21166.4,20020.28,10166.5294,97277.44,48973.9412,155461.375,84570.25,241.32,189.5882,2799.6842,1685.2727,569.6,778.3529,VE595326,0.23
1.8385,2.6,1.6128,1.92,2.382,2.2068,2.9248,3.4248,2.382,1.6128,2.9248,3.5143,15260.3846,7797.25,15690.28,5788.0,77073.16,27409.0,153515.32,53283.5385,653.48,212.4615,2157.8095,961.5556,623.24,1106.9231,VF005823,0.38
2.3575,3.334,2.0659,2.9967,2.2862,1.8917,2.9078,3.2605,2.2862,2.0659,2.9078,3.5014,13174.8667,4544.375,14546.1538,5354.5882,72742.9615,25735.4706,145975.5385,49519.7647,632.1538,203.0,1802.2917,698.8667,65.04,30.5,VE586940,0.29
2.687,3.8,2.2068,3.395,2.2068,1.6128,2.8579,3.1939,2.2068,0.0,2.8579,3.4217,13778.4545,13982.2857,13024.2727,10580.9375,55698.36,43062.3158,99595.76,70120.0526,356.4545,191.0,1683.2105,1422.4615,266.0,333.6667,VE085194,0.59
2.0801,2.9417,2.1899,3.0975,2.4317,2.2862,3.0004,3.8735,2.4317,1.5962,3.0004,4.0712,8104.75,7405.0,12944.0385,8925.2667,59918.3846,42695.4,107320.1923,77741.4,325.4615,184.2667,1575.4583,1072.8462,256.8462,407.7333,VC493932,0.5
3.266,4.6188,2.1736,3.6775,2.2699,1.8755,2.8480000000000003,3.4453,2.1736,1.8755,2.8914,3.6486,11645.1818,10129.7,8992.2222,7641.875,43967.4815,36822.9167,79536.963,63013.3333,238.037,167.2083,1330.2105,1165.375,137.1538,146.91299999999995,VF239795,0.52
2.4537,3.4701,1.6301,2.56,2.2244,1.6301,2.8756,3.8878,2.2244,0.0,2.8756,4.0972,8427.7273,6773.2857,10939.6667,6255.2941,32742.5,25650.2941,135778.125,72378.5882,7917.5833,2861.4706,2350.6111,1338.6364,11528.4167,4620.4706,VF091683,0.26
2.794,3.9513,2.4134,2.7225,2.4644,2.1141,2.9563,3.5671,2.4644,1.9902,2.9563,3.68,18861.1579,12826.5833,18249.4194,10623.3636,90233.8065,51801.8182,161093.5161,87312.5,474.0968,167.3182,2339.5385,1400.8824,221.3226,256.9091,VE629363,0.45
2.9693,4.1992,2.0043,3.49,2.3698,2.1282,2.9213,3.4336,2.3698,0.0,2.9213,3.5232,10641.7895,9340.6923,11382.0345,9244.4091,55702.3667,43184.3478,103830.1,73826.3913,328.7586,153.6818,1425.16,1138.5263,463.9,576.087,VC504056,0.55
3.3968,4.8038,2.1899,3.0133,2.3141,1.8917,2.928,3.4027,2.1899,1.7184,2.928,3.4906,19556.1429,12162.2857,16002.8974,8413.9333,79311.3333,42061.9333,139079.5641,68354.8333,379.2564,123.4667,1986.8182,1056.5,382.7692,457.4667,VE077522,0.58
2.4537,3.4701,1.926,2.27,2.3208,2.1004,2.8991,4.2195,2.3208,1.6301,2.8991,4.4026,12504.4167,14617.8889,14603.6522,13520.1875,46219.375,55969.6471,159105.8261,127774.8125,8191.3043,3061.3125,2431.2,1929.6923,11528.125,4630.8824,VE646796,0.5
2.75,3.8891,2.1004,2.6275,2.3997,1.5085,2.9267,3.8526,2.4506,1.8028,2.9267,4.0219,14381.2,9255.7692,14563.2812,8298.2727,59558.5161,37048.2381,166556.4688,85524.5,6174.0312,2234.5455,2292.1852,1221.2353,8549.4062,3404.8636,VC503942,0.56
2.6261,3.7139,2.4932,2.6956,2.5801,1.8449,2.9531,3.9319,2.5801,2.2391,2.9531,4.1419,19744.25,13200.9091,16825.3103,11506.6,80502.3103,54406.15,126422.5172,88562.05,208.5172,160.25,2051.28,1481.8125,391.6071,534.2632,VF650861,0.51
2.0412,2.8868,1.8755,3.17,2.5242,2.0496,2.9493,3.6608,2.4732,1.5802,2.9493,3.7212,13195.9333,4696.4286,14622.7407,5211.1333,75077.4231,27533.4286,148495.9615,51547.3571,606.7037,186.2667,2067.6364,888.8,200.8846,285.2143,VF641050,0.18
2.9399,4.1576,2.2542,2.884,2.3997,2.0340000000000003,2.9513,3.6068,2.3997,2.1579,2.9683,3.8165,12174.9286,7879.9,10629.5,6683.2727,51890.7407,32642.7619,97021.9286,60199.8636,295.8571,161.1364,1257.56,781.45,1996.1429,2108.5909,VF643332,0.37
2.0059,2.8368,1.6868,3.89,2.2821,1.9833,2.8825,4.0412,2.3786,1.9833,2.8825,4.2919,12165.5556,9349.5,13262.7143,6471.3846,40649.381,22840.6154,166654.8095,79847.3846,9145.1429,3746.2308,2472.3333,1269.4,12607.0952,5110.0,VC390360,0.5
2.8014,3.9618,2.3392,3.102,2.4181,2.1187,2.9398,3.6895,2.4181,0.0,2.9398,3.8005,11833.7273,11305.8889,11720.2273,9708.5,53230.1304,44375.3158,95145.8696,75367.5263,265.087,168.8421,1492.3684,1251.4667,879.9565,582.8947,VE106735,0.56
2.8284,4.0,2.2068,2.6025,2.4487,2.0828,2.8331,3.6912,2.3032,1.6128,2.8331,3.6894,12956.2222,6034.3333,10850.913,5305.3333,49737.48,23451.6,97527.32,43076.9,424.6522,169.8333,1675.5294,908.4167,253.96,289.5,VE646711,0.52
3.1704,4.4836,2.1899,2.8967,2.1899,1.8917,2.9008,3.1313,2.1899,1.7184,2.9146,3.3203,20955.4828,9585.2632,22378.4167,11267.28,102126.5897,50184.75,160503.5897,84895.1071,230.7027,208.5385,2533.7188,1402.0952,1868.1053,1894.3704,VE070267,0.43
1.8516,2.6186,1.9833,2.295,2.1579,1.6868,2.8246,3.7414,2.1579,0.0,2.8246,3.995,11460.25,6438.5,15198.2381,7216.4167,50969.8095,25559.4167,187219.9524,86365.6667,9237.4286,4055.75,2718.7222,1434.1111,12616.8571,5537.5,VC344462,0.59
2.5456,3.6,2.2068,3.83,2.382,1.6128,2.9827,3.275,2.382,1.6128,2.9827,3.5183,13474.0625,14707.9091,15732.52,14172.2778,74331.0,67402.5,133105.96,114938.6111,333.36,178.5556,1977.0952,1807.0714,442.28,593.2222,VE070147,0.45
2.9104,4.1160000000000005,2.2491,2.5333,2.5113,2.0743,2.9741,3.7394,2.5113,2.0743,2.9741,3.8484,19407.25,8298.3125,21001.0303,9463.0435,101140.3824,45402.625,165132.0,76080.4167,371.30300000000005,174.8696,2444.5,1137.4,362.2941,457.7917,VE070590,0.51
3.3566,4.7469,2.5242,3.062,2.5655,0.0,2.9857,3.8486,2.4786,1.8304,2.9857,4.0034,12165.2778,7637.5,11211.6786,7146.625,52957.8,33639.3846,93332.6207,60739.04,197.2414,132.2,1309.96,840.8571,1667.2414,1916.28,VF563989,0.38
3.0317,4.2875,2.2491,2.745,2.3157,1.7769,2.9162,3.4721,2.2491,1.483,2.9162,3.6268,9887.2381,3229.5714,12021.9375,4814.1304,58038.8824,22297.6,115982.6765,40782.36,496.625,137.08700000000002,1476.2069,605.85,612.7879,422.2083,VE646746,0.55
2.6348,3.7262,2.1899,3.395,2.1899,0.0,2.9078,3.2743,2.1899,1.8917,2.9078,3.3971,21356.3333,13237.625,16824.1667,10250.1765,81055.64,48480.0,137951.28,77569.0,389.5,166.2353,2305.1579,1549.4167,440.5833,573.1765,VC472854,0.49
2.687,3.8,2.382,2.93,2.5065,1.9085,2.945,3.6441,2.382,1.6128,2.945,3.7745,15171.9167,12699.25,14750.875,10084.6111,68393.0,46208.7895,126160.48,79086.5263,431.5,182.3889,1978.6,1391.1429,664.5417,852.2222,VF308794,0.53
2.4130000000000003,3.4125,1.9902,3.4133,2.4134,1.8163,2.9715,3.3738,2.4134,0.0,2.9715,3.4814,13482.6364,11302.7692,17373.8667,12094.2222,83126.0,55397.4737,149443.9677,89439.1579,494.4,176.8333,2038.5357,1403.5625,352.4839,522.9474,VE310412,0.55
2.0,2.8284,1.8028,2.58,2.3997,1.9766,2.9267,3.5437,2.4506,1.8028,2.9267,3.7096,11769.7727,4421.0,16070.0667,6348.0,78858.6129,30860.5333,151355.5625,52192.5,666.6774,209.3333,2033.9259,758.6154,78.9062,53.25,VE392661,0.55
2.9318,4.1461,1.9833,3.01,2.3786,1.6868,2.8545,3.7333,2.3786,0.0,2.8545,3.8333,10497.1667,10673.7273,12817.1905,12817.8947,58379.3158,56251.8333,131798.4286,123890.9474,3790.9048,3412.3684,1786.7895,1792.4118,6075.1905,5845.0526,VC390362,0.63
3.0311,4.2866,2.2244,3.795,2.2244,2.1004,2.8991,3.2974,2.2244,1.926,2.9213,3.5935,17059.3077,15288.2727,15031.3043,12021.3,70360.2083,55685.61900000001,125414.7917,93697.4762,384.6087,216.4,2057.6111,1658.6,1373.3333,1551.7619,VC476353,0.43
2.2116,3.1277,1.9443,2.86,1.9443,0.0,2.7851,3.8014,1.9443,0.0,2.7851,4.0564,19620.625,17516.5,13679.2381,8972.8462,42875.8182,34409.5,151427.2609,87979.5333,9147.7619,3812.2308,2592.4706,1720.6667,12040.0,4768.4286,VE647295,0.57
3.0317,4.2875,1.9505,2.6767,2.3735,1.7769,2.9461,3.459,2.3735,1.7769,2.9461,3.6137,15103.7647,13468.3333,11179.4242,10344.6667,55421.9118,50782.28,111205.0606,102750.5417,330.8182,411.0417,1352.2692,1348.7647,4339.8788,2050.2917,VF355283,0.54
2.2717,3.2127,2.2542,3.162,2.3997,1.5648,2.9847,3.4933,2.4574,1.5648,2.9847,3.7496,10302.7368,12234.8182,11944.6071,11617.3529,60044.8214,58632.2941,117151.0714,101635.0,279.3571,156.5294,1248.2963,1205.0625,1378.7857,657.9412,VE955108,0.49
2.8284,4.0,2.4487,2.6543,2.6031,2.2068,2.9643,4.0043,2.5575,2.3032,2.9827,4.2471,10176.0,5188.8,10379.9583,5967.3684,50385.48,27118.85,102524.68,53047.35,415.0,201.05,1252.9545,734.8824,78.96,70.85,VE801919,0.61
2.2627,3.2,1.9085,2.695,2.0828,0.0,2.8579,3.4233,2.0828,0.0,2.8579,3.69,9864.6667,5453.1111,13687.72,6851.6875,52615.4783,31893.0714,166379.04,79015.3125,7766.6,3053.0,2123.375,995.4,11037.48,4839.5625,VE083119,0.56
2.2717,3.2127,2.3997,2.5929,2.4574,2.0340000000000003,2.9151,3.617,2.4574,2.0340000000000003,2.9336,3.8179,9934.9474,11599.5455,11733.7143,11270.0,58708.3929,56431.1176,115065.6786,98200.2353,277.6071,153.6471,1326.48,1338.5,1399.8889,648.5,VE070592,0.59
2.794,3.9513,2.289,2.5833,2.4644,1.9902,3.0004,3.6155,2.4134,2.1141,3.0004,3.7758,14817.2,12659.2308,15936.1667,11816.1429,76161.129,54349.2273,140869.1613,92006.0909,445.4,183.9524,1802.2143,1327.2105,980.0,531.1364,VF656675,0.57
2.9210000000000003,4.1309,2.4134,2.7162,2.289,2.1141,2.9071,3.4016,2.289,1.8163,2.9071,3.5412,20294.1667,14135.5,18220.0357,12019.05,82358.0968,52076.7826,141139.3333,91367.6818,259.7586,143.9048,2041.88,1341.3529,694.7241,489.5714,VE868643,0.15
2.794,3.9513,2.289,3.2233,2.3557,1.5219,2.8710000000000004,3.3809,2.3557,1.5219,2.8894,3.51,15850.1579,10317.0,16406.3704,9179.3158,83148.7143,43637.4,164589.0741,73459.1053,593.6429,141.2,2197.8636,1334.5,226.0385,254.5,VC473667,0.28
2.6726,3.7796,2.1579,2.9925,2.2542,0.0,2.8958,3.2568,2.1579,1.5648,2.8958,3.4532,25527.3333,20405.8571,17688.25,11250.95,83144.2143,52851.7,138767.1786,86976.5,309.2143,173.4,2268.0435,1547.4667,410.2963,546.7895,VE647537,0.45
2.8577,4.0415,2.3487,2.8317,2.5242,1.5802,2.9493,3.7396,2.4154,1.5802,2.9493,3.7875,20659.0,17206.125,13714.7308,9503.15,69305.5185,47364.1429,113931.8148,79419.0,222.7308,166.3,1766.619,1321.0667,1239.2963,1570.7619,VE501127,0.24
2.286,3.2329,1.5219,2.31,2.3557,2.2103,2.9715,3.3466,2.3557,1.5219,2.9715,3.4959,13181.0476,7527.8182,16078.129,7957.3333,79877.6129,38819.4444,156366.0,70480.7222,598.6774,167.4444,1849.0333,858.1765,475.6452,742.7222,VF467708,0.53
2.0642,2.9192,1.9443,3.055,2.1187,0.0,2.843,3.3525,2.2428,0.0,2.8693,3.45,11614.7692,6418.1429,11839.8696,5780.2143,69629.1579,31700.0,154320.3478,71954.5,2919.3913,1208.1429,1615.7,837.6364,3392.0909,1884.7692,VC332828,0.67
2.9104,4.1160000000000005,2.1704,2.87,2.3735,1.7769,2.9461,3.3093,2.4244,1.7769,2.9461,3.568,15724.8696,12308.8571,18020.4194,12447.2857,87144.4545,56669.2609,155062.2647,89357.4583,555.5,216.5,2116.0714,1474.6667,58.0909,33.2609,VE801987,0.52
2.7136,3.8376,2.262,3.325,2.3585,1.6669999999999998,2.9134,3.5378,2.3585,0.0,2.9134,3.7211,10749.75,10213.1,11683.0909,9887.8333,55849.2273,47853.2222,99635.9091,81590.3889,329.4762,243.5882,1769.0625,1587.5,516.5455,620.7778,VC506418,0.54
3.0509,4.3146,1.5962,3.83,2.2862,1.5962,2.8866,3.4655,2.3651,1.5962,2.928,3.6641,8798.5333,5818.5833,10529.9231,7809.2273,54526.9583,38004.0476,116143.0769,79040.4091,1417.9615,825.1364,1268.875,926.55,1889.5385,1465.2273,VE590475,0.45
2.8577,4.0415,2.1736,3.095,2.2699,1.8755,2.9309,3.2991,2.2699,1.5802,2.9309,3.4578,13775.8462,8594.2222,10654.4231,6154.75,55763.4444,32017.0476,109307.5556,60696.9524,396.9615,180.25,1281.6087,759.0588,1199.7037,1515.9048,VC382313,0.44
3.2271,4.5638,2.1579,2.64,2.4574,2.0618,2.9189,3.5797,2.4987,1.9381,2.9189,3.7176,18418.4783,10380.8824,18886.2353,10916.6923,94165.2059,53799.6923,157326.4857,88529.7037,378.5,161.0385,2318.0,1356.7143,966.7714,1206.7037,VE392640,0.47
3.1514,4.4567,2.3178,3.4917,2.4423,1.55,2.9531,3.5335,2.4423,0.0,2.9694,3.6052,11371.25,12156.25,11494.75,10931.3043,56383.5172,52363.5833,102278.8966,91417.3333,205.75,146.0435,1328.4,1294.95,1854.0345,1856.2083,VE868308,0.47
3.1299,4.4264,2.1736,2.8025,2.2699,1.5802,2.8703,3.4805,2.3487,2.1736,2.8914,3.6167,20066.5,14521.1111,11800.6,9060.7143,55649.0,43172.4348,90513.0,73302.087,150.4,156.4286,1454.2857,1153.2353,1803.4074,2104.6522,VF086605,0.6
2.0555,2.9069,0.0,0.0,2.1790000000000003,2.0043,2.8457,4.1414,2.3997,0.0,2.8457,4.4279,21292.4444,20633.0,19131.6842,13537.0,61868.2,52600.3846,184498.5,118633.4615,9395.15,3730.3846,3751.2857,2955.8571,13258.1,5150.5385,VC361547,0.41
2.9210000000000003,4.1309,2.3557,3.6543,2.4644,1.9902,2.8894,3.7658,2.3557,1.5219,2.9071,3.856,17010.7273,13479.8,11182.8276,5935.4762,53942.4194,27788.5652,106879.1935,51424.5217,399.0333,154.1818,1661.5455,984.8571,2063.1613,1384.2174,VE632883,0.52
2.9693,4.1992,2.2244,2.502,2.4786,1.8304,2.9547,3.5756,2.4786,2.1282,2.9547,3.8837,7039.1176,5253.4167,9205.6667,6516.3043,45633.8966,32319.6364,89155.5333,60920.1304,275.0667,144.3913,1053.3214,729.4286,958.4828,836.3182,VF387647,0.49
2.8868,4.0825,2.1004,3.08,2.3997,1.6301,2.9425,3.5733,2.3997,0.0,2.9425,3.7676,10600.0909,7870.25,10301.6957,6927.8421,50049.8333,34080.2,94466.25,61231.8,355.5652,192.5789,1555.3529,1098.0769,32.6522,19.8421,VE653621,0.67
2.7217,3.849,2.4154,3.0214,2.4732,2.2699,2.967,3.804,2.5698,2.2699,2.9841,4.0004,7842.6316,3453.6667,9677.8889,5425.4,50256.2593,26397.3,103149.5556,52509.2,422.1852,175.2,1368.8571,697.5294,409.5556,514.4,VE518292,0.59
2.0616,2.9155,2.1704,2.65,2.3735,1.7769,2.9875,3.5042,2.4244,0.0,2.9875,3.65,27866.1176,20556.5714,21821.9394,13966.25,98766.4706,63974.6471,148348.0882,100969.1765,147.0606,174.375,2295.8125,1529.0,300.0882,536.8824,VE070049,0.33
2.5065,3.5447,2.2428,3.3325,2.2428,1.6481,2.8693,3.3741,2.2428,1.6481,2.8693,3.5929,8806.5,8806.5,8096.7778,5633.6667,35306.7273,22792.3125,68691.0909,44093.875,247.4,170.1429,1098.2143,886.375,935.6,680.9286,VE392687,0.36
2.0059,2.8368,1.9833,3.135,2.1579,0.0,2.8246,3.9979,2.2821,1.6868,2.8246,4.425,10186.5,11527.3333,11708.0476,6483.5385,30924.7143,21462.2308,147218.381,78202.1538,9056.1429,3744.8462,2385.2941,1391.1111,13475.2857,5836.3077,VE898288,0.59
2.9210000000000003,4.1309,2.3557,2.8129,2.289,1.5219,2.9715,3.5328,2.4134,1.5219,2.9715,3.8314,11722.9444,4639.5833,12905.2903,5406.3913,64133.9032,26088.6957,127220.5161,51586.6522,501.4839,172.1304,1589.2143,670.4,355.4839,438.6087,VE625446,0.31
1.8516,2.6186,2.1579,2.8267,1.9833,0.0,2.8246,3.6321,1.9833,0.0,2.8246,3.8886,14954.0,7700.4286,16164.5238,7847.4167,58745.4286,31024.75,196879.6667,93308.4167,9303.2381,4077.4167,3145.5,1917.4286,12623.1429,5549.75,VC344480,0.59
2.4121,3.4112,0.0,0.0,2.1379,0.0,2.8623,3.595,2.1379,0.0,2.8623,3.6231,12708.2727,14265.75,11229.0455,10636.0,62953.0556,56208.8667,129117.0,99941.0625,2786.1364,1060.8125,1439.85,1311.6429,3701.3182,1991.25,VF095568,0.54
2.8062,3.9686,2.0340000000000003,3.0633,2.3997,1.8599,2.9513,3.4256,2.3997,2.1579,2.9513,3.6512,13893.125,11818.6667,14555.6296,11871.35,69925.2857,56022.5714,127298.6071,93984.7619,387.8148,174.9,1822.6957,1511.5625,385.3214,480.381,VE392702,0.43
1.6583,2.3452,1.9634,3.83,2.504,2.1379,2.9591,3.532,2.504,1.6669999999999998,2.9803,3.6619,13772.0,7258.0,15849.9545,6290.4545,76656.3182,29488.1818,151940.6364,57211.3636,666.3182,266.7273,2136.5263,1019.5,57.9545,26.8182,VC461323,0.56
1.9799,2.8,2.2068,2.81,2.5065,0.0,2.945,3.6464,2.5065,1.6128,2.9643,3.8222,6143.5625,4641.0,8667.1667,5466.0,42723.6,27398.8571,93242.48,55616.2143,326.1667,205.1538,990.6364,670.0909,1478.04,680.7143,VE956475,0.56
2.3575,3.334,2.0659,3.27,2.2862,1.5962,2.8866,3.832,2.2862,0.0,2.9078,4.0576,13747.0,11695.75,15332.28,9421.3125,52911.3077,36002.4118,171908.4615,92611.1176,7785.92,3083.1875,2587.2381,1525.1667,10196.0385,3917.2353,VF798571,0.29
2.0059,2.8368,1.6868,1.97,2.1579,1.9833,2.7577,3.8442,2.1579,1.9833,2.7577,4.0783,15409.5455,9301.0,14275.2381,7128.5385,47754.0952,26801.7692,176322.9524,86269.6923,9268.8571,3859.7692,2557.6667,1335.4,12664.6667,5204.1538,VC375232,0.4
2.7735,3.9223,2.1899,2.47,2.5405,0.0,2.9472,3.6448,2.4317,2.0659,2.9472,3.703,25231.6875,12743.8182,22862.4615,12919.85,106386.1154,53586.15,187913.0769,112946.55,2087.9231,2506.05,2978.6818,1905.9375,3673.9231,4719.15,VE312787,0.61
2.687,3.8,1.6128,4.86,1.6128,1.6128,2.8814,2.8895,1.6128,0.0,2.9036,3.144,13691.6,8295.6667,12251.8636,7011.3125,55727.48,29695.4737,112697.25,60151.5,417.3478,181.3529,1510.1,898.1429,1738.875,2286.5556,VE832190,0.48
2.8577,4.0415,2.2699,2.6,2.4732,2.1736,2.967,3.7624,2.5698,2.3487,2.967,3.9848,15984.5,12891.8182,14441.7778,10217.1429,73894.4815,49424.5238,134497.5185,80310.1429,423.6296,157.6667,1874.5909,1378.375,68.03699999999999,51.4286,VE801932,0.56
2.7217,3.849,2.1736,3.32,2.3487,1.8755,2.8914,3.3924,2.3487,2.0496,2.8914,3.6481,13339.2308,7612.875,12319.2593,6827.35,61479.2222,33050.5,120783.5185,61757.75,437.1111,153.0,1794.75,1066.1538,274.8148,185.05,VE309977,0.56
3.25,4.5962,2.3997,3.1,2.4506,1.9766,2.9425,3.4729,2.4506,2.1966,2.9425,3.7121,16578.4737,12239.9286,16427.7,11303.1667,76415.9688,51425.6923,143741.4839,89773.28,380.2903,130.04,2203.5217,1580.6471,49.1613,30.56,VF005036,0.45
2.2627,3.2,1.6128,1.53,2.4487,1.9085,2.9248,3.9871,2.4487,2.3032,2.9248,4.2824,10809.5333,8755.6667,13540.8,8564.375,43516.08,33899.0,152827.32,90210.6875,7642.44,3092.8125,2095.913,1212.0,11349.2,4787.75,VC493953,0.66
2.9693,4.1992,1.8304,2.625,2.3032,1.5357,2.8659,3.5759,2.3032,2.2244,2.8659,3.6505,22265.1667,10165.5455,19363.5,9250.619,98936.5556,46278.3,145368.1034,77698.6364,790.8929,999.4762,2469.6522,1312.1875,1329.5357,1697.9524,VE109016,0.56
2.491,3.5228,2.3141,2.5925,2.3141,0.0,2.9657,3.3278,2.2564,1.7184,2.9657,3.5031,27365.2308,13742.5385,25548.7436,13019.5455,122139.7692,64193.1818,187952.8718,106975.1818,166.359,136.0,2843.0,1583.5556,60.8462,31.5,VF086581,0.54
2.5466,3.6015,2.0743,3.6775,2.3735,2.0743,2.9741,3.2919,2.2491,1.7769,2.9741,3.3853,15686.3333,9380.2727,17884.3438,9296.3158,85241.0,43104.75,170210.9062,82324.9474,579.8125,154.4737,2181.5,1133.3333,181.6562,235.1053,VE097608,0.4
2.7574,3.8996,2.5389,3.239,2.5389,2.1428,2.9852,3.7286,2.5389,2.1428,2.9852,3.8989,11371.9524,6347.7857,13608.5862,7512.9048,67648.3448,35072.0476,131169.93099999998,66783.619,474.0345,196.1429,1815.6087,1062.4667,377.4828,485.7619,VF640601,0.23
2.6348,3.7262,2.1899,2.3675,2.3651,1.5962,2.928,3.3477,2.2862,1.8917,2.928,3.5741,13648.9231,8577.25,13176.52,7321.6667,64524.04,33950.3889,123182.4615,60309.6842,480.44,178.4444,1703.4762,966.0,842.6538,641.5789,VE459416,0.28
3.2275,4.5644,2.3032,3.31,2.4276,1.5357,2.9384,3.4446,2.4276,1.8304,2.9547,3.6967,7701.8235,5408.0714,9242.6552,6115.3333,41849.8,26695.52,85224.8276,53402.1667,318.0,181.7917,1147.64,744.3,974.6667,795.64,VE510784,0.66
3.3566,4.7469,2.0043,3.04,2.2244,0.0,2.9384,3.4631,2.2244,0.0,2.9384,3.6888,20195.8421,12678.0667,19573.9643,12736.2917,100166.7037,63875.5217,160625.8571,105189.5,317.8929,206.625,2130.5769,1364.7727,535.3929,587.875,VE083146,0.38
3.3566,4.7469,2.3698,3.3,2.3698,0.0,2.9547,3.5426,2.4276,0.0,2.9705,3.8575,6284.5714,3119.8182,6343.7667,3924.1923,32228.6,19151.8462,64034.0,36133.7308,249.9,127.9615,883.8333,572.45,377.3333,421.0769,VF648615,0.38
2.6348,3.7262,2.2862,2.8680000000000003,2.4895,2.0659,2.9657,3.5771,2.4895,2.1899,2.9657,3.7254,12720.5714,7127.3333,13594.2692,7849.6316,69346.5769,38969.2632,136180.3077,74760.6316,454.2308,163.4211,1809.0,1077.7143,595.56,784.9444,VE518264,0.45
2.6879,3.8013,2.4786,3.35,2.6031,2.1790000000000003,2.9782,3.9574,2.6031,1.7076,2.9782,4.0058,5921.3333,7092.4,7272.125,7216.9231,28247.85,27160.0588,53622.25,50414.8824,224.9412,240.8571,1006.3846,1056.1,214.2778,256.9333,VC478193,0.51
2.5849,3.6556,1.9634,2.8933,2.1833,0.0,2.9134,3.5174,2.262,0.0,2.9134,3.7078,16160.8095,13199.25,17262.2424,11152.381,71116.7273,49690.9048,174274.2121,101162.381,5886.6667,2329.2857,2362.6129,1414.1579,8108.6667,3276.381,VC390365,0.32
2.7892,3.9445,1.7769,2.36,2.3157,1.9505,2.9314,3.4038,2.3157,1.483,2.9314,3.5028,22782.6842,15004.7,19533.6667,9880.3182,97929.9091,49057.7273,165502.9091,78241.5455,426.6364,138.1364,2288.1667,1159.1053,159.6667,172.0909,VE090126,0.29
2.8402,4.0166,1.8304,2.93,2.2244,2.0043,2.8852,3.2339,2.3032,0.0,2.9213,3.372,13155.7059,7955.9091,12651.6552,6898.2381,62618.5333,32394.7273,127481.5517,62474.7619,467.5862,148.6667,1609.28,893.7647,1212.1667,1609.6364,VE501085,0.37
2.7735,3.9223,2.2862,2.794,2.4895,0.0,2.9078,3.7186,2.4317,0.0,2.9078,3.8443,19000.2857,14210.6,16692.52,11487.8421,78408.0,52949.0,133262.1154,88340.5,320.2,168.6316,2209.1,1596.1429,64.36,47.2105,VC477598,0.52
1.9799,2.8,2.0828,2.97,2.5065,1.9085,2.9643,3.5861,2.382,0.0,2.9643,3.6026,21944.9286,14446.0,20699.2,11168.4286,101202.56,54578.0714,179207.12,87667.5714,575.16,197.0714,2886.8,1883.4444,84.12,61.3571,VC381852,0.53
3.153,4.459,2.1704,2.972,2.2491,1.7769,2.9004,3.2544,2.2491,1.483,2.9162,3.4739,17453.2857,12621.1333,17574.9677,11672.5,87364.5806,56832.4583,158464.0,99624.087,385.9032,145.4583,2256.72,1439.6316,93.9667,72.0,VE647370,0.57
3.3566,4.7469,1.8304,2.275,2.0043,1.5357,2.8659,3.0527,2.0043,1.5357,2.8659,3.3077,13470.1875,10394.0769,13461.5,9727.125,64405.5517,45662.8,120520.1667,82300.0385,376.8929,169.375,1885.0476,1365.0588,1612.8276,1848.56,VE636828,0.44
2.8577,4.0415,1.5802,4.25,2.3487,1.5802,2.9309,3.4196,2.3487,0.0,2.9493,3.6171,13544.3571,6180.1111,13200.8148,6504.6190000000015,66638.6667,31388.8095,133099.8889,59566.7143,498.3333,144.1429,1858.5714,947.0667,304.12,351.3158,VE600825,0.38
1.6971,2.4,0.0,0.0,2.3032,2.2068,2.9248,3.4443,2.382,0.0,2.9248,3.4319,31831.3571,21148.6,29989.4545,16337.1,127950.0,67749.9167,196389.96,107213.8333,362.0435,238.9091,3561.55,2200.875,90.72,66.0,VC461317,0.4
2.5981,3.6742,1.926,2.595,2.5242,1.926,2.9425,3.9157,2.5752,1.926,2.9425,4.1057,12310.9,6802.3333,11133.1739,5688.1765,53438.4583,26287.1667,110338.4783,53205.5294,434.7826,191.8235,1700.1765,988.5455,45.7273,27.875,VF420658,0.5
2.4962,3.5301,2.0659,3.2833,2.0659,0.0,2.8866,3.0075,2.0659,0.0,2.9078,3.2471,20850.5625,12726.6364,21952.4167,12269.5,95733.8846,51712.8889,154451.8846,83506.3889,357.9167,181.625,2698.9048,1542.2308,226.8696,288.4,VC464284,0.4
2.75,3.8891,2.1004,3.18,2.4506,0.0,2.9577,3.3886,2.4506,1.8028,2.9577,3.5441,14173.25,11446.0,15963.0968,10230.5238,75026.4062,47305.1364,141938.7742,79999.7619,562.7097,225.2857,2161.64,1442.6,535.7812,680.5,VF523734,0.39
3.683,5.2086,2.2103,3.656,2.51,1.5219,2.9563,3.7882,2.4134,1.5219,2.9563,3.9675,13250.85,9380.6667,13347.0645,9790.1034,65946.5484,48253.7931,110315.8387,83809.5172,167.1613,178.5862,1539.2963,1170.84,1262.7742,1340.7586,VE077517,0.31
1.8974,2.6833,1.7076,2.36,2.1790000000000003,1.7076,2.8457,3.8129,2.1790000000000003,0.0,2.8457,3.9643,16071.1,9402.4,14713.9,7264.0833,48297.8,25961.9167,181466.0,87337.0,9675.9,4087.4167,2685.5294,1441.1111,13545.1,6049.8333,VC382315,0.7
2.6348,3.7262,2.0659,2.4333,2.1899,1.8917,2.9078,3.2343,2.1899,2.0659,2.9078,3.4738,26759.6,16420.1,21983.1923,12870.6842,107019.0385,62543.7895,166658.5385,103293.3158,288.5,248.3684,2831.0,1779.3571,76.6154,53.3158,VE646719,0.45
2.0801,2.9417,2.3651,2.555,2.4895,0.0,2.9657,3.7933,2.4895,1.8917,2.9834,4.056,9334.4,6978.0,7159.4615,4064.2667,36417.9231,21297.0667,74602.4231,41602.6,290.6923,170.6,864.6957,530.4167,1607.24,919.5714,VC331887,0.45
2.6726,3.7796,2.2542,2.694,2.5541,2.2542,2.9683,3.8658,2.5953,2.1579,2.9847,4.0178,25529.7143,13837.2222,18204.5556,9385.2105,86671.0714,44330.8,131396.6071,71582.8,93.7407,61.1579,2131.0435,1134.6667,695.2857,486.05,VF579962,0.57
2.9463,4.1667,2.1458,2.6460000000000004,2.2244,1.7525,2.9356,3.3052,2.3487,1.7525,2.9627,3.6585,19234.8182,12077.3077,14986.6667,8525.28,75393.1389,42906.68,122256.8333,72587.48,163.3333,142.8,1777.7333,1070.2,2164.7222,1812.6,VE083188,0.31
2.5,3.5355,2.1966,2.492,2.2753,1.8028,2.9104,3.7065,2.2753,0.0,2.9104,3.8677,12853.05,7524.2727,13535.125,6824.05,54029.25,29614.2,157809.3438,74329.55,6205.4375,2502.2,2060.7586,1023.9412,8897.6875,3853.55,VC517377,0.36
3.0735,4.3466,2.0340000000000003,3.3133,2.5084,1.8599,2.9513,3.7956,2.4574,2.2542,2.9513,3.968,7738.4286,4803.9091,8227.2083,4979.0526,37911.6429,22446.1304,76257.5714,43908.3478,320.8,180.35,1119.3158,712.2143,1617.0,1952.3043,VF650860,0.27
2.1651,3.0619,1.6301,2.92,2.1004,1.6301,2.8246,3.5625,2.1004,1.6301,2.8246,3.7888,17014.75,10613.0,15389.087,7761.6429,54362.875,29556.8,178428.4583,84500.7333,8508.2174,3517.8571,2352.6818,1142.5385,11514.3478,4738.6429,VF407934,0.55
3.3566,4.7469,2.0043,3.5267,2.0043,1.5357,2.8852,3.0535,2.0043,1.5357,2.8852,3.313,12770.1667,11746.4667,13384.7241,11261.48,65142.6897,54523.32,116341.9,93624.5769,784.6552,729.16,1671.72,1405.6667,882.0,1003.3077,VE070346,0.32
2.7217,3.849,2.0496,2.6867,2.4732,1.5802,2.9493,3.6167,2.4732,0.0,2.9493,3.8188,11193.5882,4690.9167,13735.7037,6104.95,68121.4815,29692.1,135845.4074,57485.7,570.3846,201.2632,1741.0417,779.2353,418.7778,518.8,VF095566,0.52
3.048,4.3105,2.1141,3.075,2.3557,1.9902,2.9715,3.4655,2.4134,1.9902,2.9715,3.6834,11505.8235,6897.7273,10449.0,6331.8333,55073.9677,32239.5833,110314.2258,60472.6667,394.2581,175.5833,1549.4783,1029.875,2366.0968,1720.2083,VE612066,0.3
2.3575,3.334,1.8917,1.86,2.2862,1.8917,2.9472,3.6187,2.1899,2.0659,2.9472,3.9022,18130.6471,11322.4545,16677.1538,9706.3529,84523.1154,48856.2941,135520.8846,76499.7059,430.5385,214.3529,1947.44,1118.8125,206.8462,278.1176,VC361110,0.42
2.9938,4.2339,1.8755,3.055,2.4732,1.8755,2.967,3.6892,2.4154,1.8755,2.967,3.77,24665.75,21349.5,16830.6538,11614.7143,79049.0741,53804.3182,135025.5926,91076.0,324.2692,180.61900000000003,2313.2,1679.9333,1894.7407,1888.8182,VC383242,0.42
2.2613,3.198,2.1379,2.5567,2.1379,1.9634,2.8623,3.9431,2.1379,0.0,2.8623,4.2387,6813.6667,4559.0,11143.2273,5929.2667,29949.0,20607.5333,140417.0455,70729.0667,8654.8636,3268.6667,2139.2632,1088.3333,12579.4091,5240.8667,VC273415,0.66
2.2116,3.1277,1.6481,2.31,2.1187,2.1187,2.843,3.7425,2.1187,1.9443,2.843,3.9606,7826.3333,6715.1429,11551.4783,6940.0667,35572.1818,29441.2857,142411.6957,80034.0667,8269.087,3246.2,2238.0526,1317.5455,12333.6087,5104.2667,VF205113,0.5
3.2071,4.5356,2.0340000000000003,3.3,2.333,0.0,2.8756,3.549,2.333,1.8599,2.8756,3.6881,16099.5714,11079.7273,13267.1852,9319.7391,68297.6538,46754.4091,116218.0741,84368.0,767.8889,805.0,1756.3636,1314.2222,1020.5185,1178.087,VE631427,0.31
2.8887,4.0853,1.8449,2.6,2.3178,1.8449,2.9183,3.4421,2.3178,1.8449,2.9183,3.6125,15462.4118,10738.4167,16714.8077,10745.0526,78727.3571,48384.4286,146005.25,78310.0,549.9231,192.0,2166.5909,1442.5333,215.2069,241.4545,VF407731,0.53
2.54,3.5921,2.3557,2.4186,2.3557,1.8163,2.9715,3.4534,2.3557,1.5219,2.9715,3.6938,17202.5238,12957.1538,18058.3548,13006.0,87542.9677,62551.85,152161.2581,104219.35,355.4194,201.45,1925.5333,1384.8421,742.5161,656.5,VF091809,0.59
3.0509,4.3146,1.5962,3.78,2.2862,1.5962,2.8644,3.3016,2.2862,0.0,2.8866,3.5405,14277.6667,9640.2222,11487.7917,8003.35,51328.8077,34618.6364,95039.0769,63413.3636,289.1667,204.35,1317.0476,969.0,598.92,703.2857,VE518299,0.62
2.0059,2.8368,2.4574,2.735,2.582,1.6868,2.9793,3.9395,2.6787,1.6868,2.9793,4.2095,8385.0,5986.6667,8973.5238,5200.2308,47790.7619,29310.3846,108095.15,62468.75,363.35,205.25,1062.0,644.2727,51.6667,45.3077,VC517227,0.48
2.5628,3.6244,2.1379,2.6767,2.262,0.0,2.9134,3.4078,2.262,0.0,2.9134,3.6994,10218.8889,9468.3333,10025.4,8246.4,46309.0455,36090.3529,87060.0455,66078.1765,297.0952,230.0625,1270.0588,1118.5833,931.8182,666.0,VE454317,0.42
2.9881,4.2258,2.1579,2.494,2.2366,1.4709,2.9478,3.4,2.3032,1.7645,2.9616,3.6103,19214.8182,13726.0667,18680.8,13458.8,93941.9394,67218.75,156415.6571,116904.56,1044.5429,760.2,2045.2727,1481.3913,1684.6286,1307.32,VF469012,0.46
2.7574,3.8996,2.3845,2.5314,2.5801,2.4423,3.0004,3.8266,2.6178,2.2391,3.0004,3.901,27225.1176,13580.4545,22308.3103,10717.7143,109319.8621,51693.381,166143.6897,85069.0952,210.4483,157.3333,2794.875,1436.875,378.3103,463.9048,VC456512,0.37
2.0059,2.8368,2.3786,2.494,2.4574,1.9833,2.9088,4.2365,2.5242,1.6868,2.9088,4.4659,13030.3077,6961.875,14634.3333,7708.6154,49901.9524,30271.3846,178400.6667,89626.0,9216.3333,3774.9231,2592.7222,1398.5,13037.2857,5806.0769,VC361173,0.4
2.4495,3.4641,2.4154,2.6214,2.4154,1.8755,2.9493,3.7079,2.4732,2.3487,2.967,3.9708,23344.1333,12165.4444,19597.2593,10489.4444,95678.037,51584.2222,145035.7407,81732.7778,213.037,163.2778,2448.5217,1453.2857,200.4815,242.7778,VC472874,0.34
2.5456,3.6,1.9085,2.03,2.0828,1.6128,2.8579,3.4911,2.0828,0.0,2.8579,3.5428,15319.0,19096.0,12616.52,12954.3889,69274.0476,67299.2941,136192.0,117586.8889,2480.44,976.1111,1438.8333,1391.4118,3427.0,1507.2778,VC390235,0.59
3.1299,4.4264,1.8755,3.51,2.5242,2.0496,2.967,3.7252,2.4732,2.1736,2.9841,3.8592,19066.5,13859.3333,13944.2083,10178.1,65720.2308,46471.1364,104751.0741,74666.4348,226.0833,168.9,1627.0455,1230.1111,1248.2222,1443.9129999999998,VF079050,0.51
2.7735,3.9223,2.3651,3.2583,2.4895,0.0,2.9657,3.585,2.3651,1.8917,2.9657,3.6804,20852.6154,17135.5,17623.52,11619.1053,86392.5769,55306.4,166718.0,96060.7368,533.04,152.5263,2631.6667,1878.8333,86.5652,62.5294,VE312781,0.13
3.0,4.2426,1.9766,2.9533,2.2753,1.8028,2.8933,3.2496,2.2753,1.8028,2.9267,3.4807,19874.1053,13776.5385,19162.6667,11559.8636,94886.9667,57032.0,160430.5161,91152.4783,427.2903,157.7391,2362.8462,1450.1667,1402.6774,1846.9565,VE070243,0.66
2.8402,4.0166,2.1282,2.8275,2.3032,1.8304,2.9036,3.3438,2.3032,0.0,2.9213,3.4472,16760.0588,13637.8182,15371.6897,10926.7143,80642.0714,55274.15,148916.3103,88975.7143,469.2759,154.7143,1751.4815,1233.0526,397.4828,502.8095,VE653616,0.59
2.8887,4.0853,1.55,2.19,2.4423,1.8449,2.9531,3.4431,2.4932,1.8449,2.9531,3.6227,16669.0,10214.9231,17011.8276,9846.1818,86598.069,49373.8636,149910.6897,80682.8636,465.2759,227.6818,2039.0,1202.7895,392.6897,471.5,VE802592,0.61
2.8887,4.0853,2.0189,3.49,2.3178,1.8449,2.9531,3.3965,2.3178,1.8449,2.9694,3.5419,16400.7059,11763.4167,15245.8571,10251.1905,73595.7241,49303.9545,126543.9655,82138.7727,296.75,169.0952,1843.76,1270.7222,2845.3793,1890.4091,VE309795,0.47
2.6726,3.7796,2.3997,3.3014,2.3997,1.5648,2.9683,3.4708,2.3997,1.8599,2.9683,3.6619,12060.2,7911.0714,15529.2593,9859.2105,73682.6786,46645.45,128507.3333,82187.7368,308.8889,168.5263,1823.88,1172.5882,446.8571,593.1,VE501335,0.43
2.4962,3.5301,2.2862,3.104,2.4317,1.5962,2.928,3.4168,2.3651,2.0659,2.928,3.6759,10881.5625,3848.7,13590.7692,5512.4444,67138.7308,26640.2222,134986.0769,52489.2778,550.4615,177.0556,2003.9,924.6667,782.4615,579.8889,VE611988,0.31
2.9210000000000003,4.1309,2.2103,2.794,2.4644,2.1141,2.9405,3.5904,2.4644,1.9902,2.9405,3.737,12402.7619,8288.4,14492.7419,8701.4348,71949.6774,42641.087,136205.8387,73833.8261,478.4516,166.0435,1609.8065,926.2609,343.7742,421.8261,VF355270,0.46
2.2116,3.1277,1.9443,2.35,2.2428,1.9443,2.9176,3.8958,2.4181,1.6481,2.9176,4.1179,16905.3846,15766.125,15961.4783,12408.4,59315.9565,55703.4667,174155.6087,116513.6,8330.3478,3271.6,2377.2727,1624.4286,11534.087,4476.6,VC331625,0.59
2.5,3.5355,2.3419,3.39,2.1966,1.9766,2.9577,3.1638,2.1966,1.5085,2.9724,3.3403,16411.3636,8746.3077,18194.4062,8633.45,89331.9375,43643.45,148639.8438,67471.45,393.0312,146.85,2052.2903,964.0526,260.1875,353.1,VC395365,0.06
2.7574,3.8996,2.0189,2.7333,2.2391,1.55,2.8806,3.3259,2.2391,1.55,2.8806,3.4332,25865.0667,15956.0,20153.2143,11060.95,95654.2414,51364.2381,155869.0,90234.35,209.5517,153.0,2173.1481,1195.0,89.8621,75.8095,VF644273,0.28
2.8402,4.0166,2.1282,2.83,2.3698,1.8304,2.9384,3.4904,2.4276,1.8304,2.9547,3.7311,15967.1111,11655.0,14601.4333,9646.7273,74838.3,48274.6364,128001.5667,78499.6364,339.5,177.2273,1716.8148,1182.6316,675.4667,474.5,VC461302,0.23
1.9799,2.8,2.382,2.405,2.382,1.6128,2.9036,3.4005,2.382,2.3032,2.9248,3.6776,12224.0,5955.3333,15186.9583,6622.4615,74073.25,32512.6923,139340.36,56022.9286,588.44,221.4286,1822.4348,802.3333,518.48,854.4286,VC461298,0.2
2.51,3.5496,2.3032,2.6143,2.4574,2.1579,2.9478,3.5174,2.4574,1.9381,2.9478,3.7152,11828.12,5469.3571,15617.8857,7305.0476,78468.5714,36420.2381,155667.2,68587.3333,584.0,139.1905,1890.6562,858.1667,401.8857,595.5714,VE636562,0.43
2.4121,3.4112,1.6669999999999998,2.14,2.262,1.9634,2.8886,3.5618,2.1379,0.0,2.8886,3.5682,7903.7,7624.5714,7922.0909,6088.9375,43591.4444,32974.9333,109693.9545,73234.375,2798.6818,1078.0625,1055.65,762.7857,3744.8182,2051.0625,VC361330,0.72
3.2827,4.6424,2.3178,3.7567,2.5389,2.0189,2.9694,3.7256,2.4932,1.55,2.9694,3.8337,7884.3077,7401.2,8233.6897,6598.52,39069.7586,31730.68,77730.0,63397.16,225.1071,151.1667,1080.3333,871.6,2051.7586,2013.48,VE606134,0.59
2.1651,3.0619,2.3997,2.715,2.4664,1.926,2.9425,3.7833,2.4664,2.2244,2.9425,3.9838,6425.5,9310.0,5874.0435,6117.9286,29561.6522,33297.7143,55724.8333,59001.9333,172.7391,204.2857,663.2857,732.5,1582.875,732.0,VF643346,0.39
3.2275,4.5644,2.0043,2.23,2.4276,2.1282,2.9705,3.7311,2.5242,2.2244,2.9857,3.9807,16542.9333,12575.0833,13259.7667,9472.76,64014.8,45910.28,105089.7,75525.04,204.1,133.72,1668.2,1204.55,640.0,749.32,VE336187,0.52
2.491,3.5228,2.2564,2.8943,2.3141,1.4256,2.9008,3.4877,2.3141,0.0,2.9146,3.5684,5659.55,4335.1667,6314.6316,4561.7143,31910.5128,23635.0909,68055.5385,45747.9091,207.0769,128.0,764.1875,531.6111,1678.8205,1051.5455,VE647372,0.56
2.5456,3.6,2.2068,2.6,2.382,0.0,2.945,3.6709,2.4487,0.0,2.9643,3.9087,7299.3077,4643.75,9262.72,5594.6111,44859.92,27300.0,91141.64,53390.7222,347.7917,194.2941,1228.8571,800.7857,1136.12,557.6667,VE646781,0.62
3.25,4.5962,1.9766,4.2133,2.1966,1.8028,2.9577,3.4686,2.2753,0.0,2.9577,3.6221,18470.1053,12411.2143,15705.3125,10148.5769,81961.2258,51429.84,145023.0938,89622.8846,820.625,705.6538,1974.8889,1315.2857,592.2812,690.5769,VE646815,0.17
2.8014,3.9618,2.1187,3.2767,2.4181,0.0,2.9176,3.3758,2.3392,1.9443,2.9176,3.6068,9911.6364,8713.0,9074.0909,7900.3333,44684.1739,37632.8947,87486.3913,70751.4737,305.0,256.2222,1226.1667,1112.6429,3168.6087,2177.3158,VC376932,0.29
2.539,3.5907,2.1579,3.265,2.3997,2.0340000000000003,2.8756,3.85,2.333,1.8599,2.8958,3.9945,14013.4444,9311.9167,14467.2857,8410.4211,54197.6786,34535.6842,166574.6429,86806.2105,7014.25,2629.4737,2331.5,1270.0,9789.3214,3979.5789,VF557531,0.33
2.687,3.8,2.0828,3.2567,2.6031,1.9085,2.9643,3.9261,2.6031,1.6128,2.9643,4.0178,27560.7692,15155.25,21282.0,11265.4706,101149.8333,52155.2778,149282.64,80888.8947,245.6667,202.2778,3024.1176,1871.2727,80.68,51.6316,VC318847,0.35
2.5981,3.6742,1.926,2.225,2.5242,2.3997,2.982,3.6904,2.5242,1.926,2.982,3.7791,22600.0714,14751.9,20464.5,12703.7778,97862.625,61406.0,154680.2083,100895.6667,294.2917,218.2222,2473.7143,1554.0,462.7917,576.6667,VF580076,0.5
3.182,4.5,1.926,3.3433,2.2244,1.4591,2.8423,3.1988,2.2244,1.4591,2.8423,3.378,19797.6667,11426.4615,18887.2353,10449.36,90070.1765,45180.68,164572.0,84924.2222,1837.1765,1999.4,2544.9286,1607.4211,2565.3824,3433.48,VE509109,0.48
1.7393,2.4597,2.0043,2.24,2.1790000000000003,0.0,2.8457,3.8321,2.1790000000000003,0.0,2.8457,4.0657,15644.0,7871.5,16380.05,7483.1818,57613.2,26446.0909,201072.3,91515.8182,9771.8,4454.2727,3078.125,1763.4286,13238.65,6025.8182,VF241485,0.31
3.0735,4.3466,1.8599,2.5,2.3997,2.0340000000000003,2.9513,3.4884,2.5084,2.0340000000000003,2.9513,3.7316,15030.5,11667.7857,15873.4444,11224.3182,78628.7407,54083.6818,147115.7407,93764.7727,452.963,171.4545,1844.88,1276.0,1632.5185,1969.7727,VE310372,0.42
3.0509,4.3146,1.8917,3.07,2.4895,2.0659,2.928,3.7514,2.5405,2.0659,2.928,3.9809,9612.0,6228.1818,10060.7826,7217.0,46529.3846,31678.0455,91788.0385,59036.0909,386.0435,253.6316,1289.95,949.9375,2474.5385,1483.8636,VE097521,0.55
2.4948,3.5282,2.2391,2.56,2.3178,2.1428,2.9694,3.2515,2.3845,2.0189,2.9694,3.5185,13517.1579,7969.4167,16227.1724,8130.8421,79633.5517,39351.3158,154290.8276,70728.6316,592.1379,190.2105,2088.56,1048.4,319.8276,428.6842,VC395655,0.63
3.2827,4.6424,2.3178,2.7317,2.4932,2.2391,2.9360000000000004,3.7948,2.4423,1.55,2.9360000000000004,3.808,18232.2667,13639.9231,14593.8571,10732.25,71001.6897,52705.52,118739.3793,90097.8,138.0,142.2,1592.0,1195.4286,718.4828,822.8,VE899184,0.27
2.4537,3.4701,1.926,3.23,2.3208,0.0,2.8509,3.8406,2.3208,0.0,2.8509,3.8053,9253.5385,10334.7778,9034.375,7917.1176,47980.15,40558.5,104212.2083,71344.5294,2511.625,931.6471,1196.4762,1017.7143,3665.6667,1731.2941,VC344509,0.63
2.8062,3.9686,2.333,2.6783,2.333,1.5648,2.9336,3.5942,2.333,2.2542,2.9513,3.7992,25537.0909,22409.2857,16781.3846,12455.5789,78536.4074,56923.05,128250.6429,89987.0476,318.1852,190.55,1772.5385,1272.8421,425.3571,534.8095,VE636833,0.61
1.7693,2.5022,1.6481,3.36,2.2428,2.2428,2.843,3.2994,2.2428,0.0,2.843,3.3925,16932.8,14466.0,15165.3913,5830.6667,73760.087,27742.8333,145427.6522,52761.25,622.9565,226.9167,2388.1176,1360.0,78.4545,65.4545,VE508954,0.48
3.1076,4.3948,2.1579,3.1260000000000003,2.2366,1.7645,2.9478,3.4384,2.2366,1.4709,2.9478,3.7058,16443.9412,13867.8182,14735.6452,11907.0,65409.0857,49840.6923,115494.4857,86265.1154,267.0312,171.0435,1722.2222,1447.9444,1055.5429,859.3846,VE103093,0.51
2.4333,3.4412,2.5008,3.42,2.5675,1.7294,2.977,3.8783,2.5008,2.2011,2.977,3.9367,27923.6364,13881.2857,23472.5556,12293.6429,107949.8947,54135.0667,155919.4737,85985.6,56.4737,70.8,2860.9333,1582.6364,101.5789,77.4,VC344114,0.3
3.048,4.3105,2.289,3.325,2.3557,1.5219,2.9405,3.4893,2.4134,1.8163,2.9405,3.5896,15886.2632,10337.2857,15484.2581,9619.0833,76528.0323,46082.5,136970.1,81277.0,332.2581,148.5,1877.4815,1177.5,598.7333,744.8261,VE392734,0.52
2.9399,4.1576,2.0340000000000003,2.2167,2.3997,2.1579,2.9513,3.63,2.333,2.0340000000000003,2.9513,3.6852,25415.1429,11908.7,17471.8571,9095.4545,88270.9643,45925.5455,136000.3571,76322.0909,185.2857,145.4545,2340.7727,1358.125,1180.25,1458.5,VC497032,0.16
2.4042,3.4,1.9085,2.215,1.9085,1.6128,2.749,3.1907,1.9085,0.0,2.749,3.2786,10780.3333,7157.0,9846.48,5467.3529,55845.9048,29303.375,133832.4167,68966.8125,2624.6,1020.7647,1330.0,741.5714,3279.7917,1798.5,VE509797,0.27
3.1514,4.4567,2.2391,3.1180000000000003,2.3845,2.0189,2.9360000000000004,3.628,2.3845,2.0189,2.9360000000000004,3.8456,10747.1579,9853.0667,12553.8214,11088.4783,61926.8276,53228.3333,115292.931,93253.9583,292.5517,176.125,1463.36,1307.25,1502.9286,1811.6957,VE868391,0.23
2.7217,3.849,1.8755,2.36,2.3487,2.0496,2.9493,3.5125,2.4154,1.8755,2.9493,3.6625,12628.0,8576.8889,12481.36,7699.2222,60336.3704,36134.3,116315.7778,66696.2,398.9615,196.8421,1509.3913,942.75,2372.5556,1608.1,VC470482,0.37
2.4042,3.4,1.6128,1.97,2.0828,1.6128,2.8814,3.5079,2.0828,1.6128,2.8814,3.6942,26284.8571,18659.8889,22060.6667,14540.9375,84403.56,61652.2353,197943.04,125194.5882,7586.48,2890.0588,2945.6957,1772.3333,10741.88,4123.5882,VC381988,0.57
3.175,4.4901,2.4134,3.655,2.3557,0.0,2.9241,3.56,2.4134,1.5219,2.9563,3.7314,17592.0526,12497.6923,16677.7586,11209.6957,78660.5172,47830.6087,150936.7241,98728.0,1930.3448,2151.3043,2033.6538,1453.9,2455.6071,3088.3636,VC390361,0.36
2.4948,3.5282,2.0189,2.2,2.3845,2.1428,2.8806,3.4768,2.3845,1.55,2.8806,3.5045,20113.75,12127.6667,22451.3333,12664.8333,103325.0741,54525.9444,207453.2222,114055.7222,3869.0,2760.2778,2806.12,1652.3125,6700.5185,5283.8889,VC382121,0.54
2.2188,3.1379,2.2862,2.946,2.0659,1.5962,2.8866,3.595,2.1899,0.0,2.9078,3.8186,14633.9412,8147.8,16549.92,8685.6667,62865.3462,35387.375,195262.64,95553.2,7919.68,3305.5333,2523.1304,1300.3077,10618.08,4451.8667,VF091811,0.41
2.0555,2.9069,0.0,0.0,2.0043,1.7076,2.8457,3.8579,2.0043,1.7076,2.8457,4.3229,9324.3333,7725.4,12206.55,6763.0,33590.85,24773.2308,154513.35,81694.4615,9493.1,3729.6154,2393.8235,1310.9,13250.35,5144.0769,VF648612,0.46
2.6261,3.7139,2.1428,2.7825,2.3845,2.1428,2.9694,3.43,2.3845,1.55,2.9852,3.54,12057.6111,6357.9167,13065.2857,8223.4211,67976.6552,39787.35,132658.2759,73686.55,486.9643,195.8947,1629.0417,1082.4667,1158.3448,1632.35,VE094633,0.58
2.6348,3.7262,2.1899,2.675,2.0659,1.8917,2.8409,3.9933,2.1899,0.0,2.8409,4.2961,7580.5455,8111.75,9448.6923,6637.1053,26888.1923,28490.1053,116478.8846,74390.2105,7258.5,2594.8421,2106.6316,1374.0,10306.0385,3684.5789,VE611201,0.4
2.2188,3.1379,2.4317,3.6329,2.4895,2.1899,2.9657,3.6333,2.4317,0.0,2.9657,3.6771,11483.7333,4507.25,13869.7308,5075.3125,68078.0769,25510.5,132874.3462,46344.0,554.0385,175.375,2083.8,924.6,55.36,28.3333,VE648069,0.24
2.9938,4.2339,2.2699,2.91,2.5242,1.5802,2.967,3.7436,2.4732,2.0496,2.967,3.9108,21062.3529,12654.6154,19457.2,11671.3,93881.8462,55111.9048,156991.4231,95617.1429,271.8846,138.3333,2031.8333,1167.9474,631.0,744.6,VF087528,0.41
2.8014,3.9618,2.1187,2.99,2.4848,0.0,2.8941,3.535,2.4181,1.6481,2.8941,3.7044,17383.5,15029.375,14792.7143,11455.8235,65852.2609,49849.5263,123208.5909,87080.0,407.5238,224.5882,2131.9375,1729.1667,461.3182,543.0556,VE595340,0.47
2.1106,2.9848,1.6669999999999998,2.56,1.9634,0.0,2.8343,3.5780000000000003,1.9634,0.0,2.8343,3.8887,14135.9167,7990.2857,14620.2857,7685.9231,47823.2273,28407.0,170629.0455,83754.5,8822.6364,3544.9286,2588.5556,1391.0,13040.8571,5811.8462,VC383392,0.67
2.4054,3.4017,2.2542,2.526,2.4574,1.5648,2.9336,3.5988,2.5084,2.0340000000000003,2.9513,3.6948,20878.4211,9542.0833,21721.6786,10192.6667,103700.8571,51183.9444,152064.3214,81385.1667,192.1071,194.9444,2839.9565,1527.4615,1476.4286,1739.3333,VC473653,0.47
2.4948,3.5282,2.1428,3.075,2.1428,0.0,2.7936,3.5583,2.1428,0.0,2.7936,3.6728,19623.0588,12155.0,21003.6538,11603.75,78494.1786,45536.2222,197608.2222,103982.5294,7386.9231,3044.4375,3768.3684,2540.5556,9483.4643,3705.8889,VF579927,0.22
2.8311,4.0038,2.0871,2.9725,2.3286,1.9634,2.897,3.6662,2.262,1.4956,2.897,3.7765,14162.2,12539.5385,15677.6061,11210.5652,62466.303,50220.087,167057.6667,103410.4783,5923.1212,2155.0,2332.6207,1529.6842,8585.303,3687.3913,VC390262,0.48
2.1773,3.0792,1.8755,4.065,2.2699,2.1736,2.9116,3.4368,2.2699,0.0,2.9309,3.4222,25454.25,17168.375,25394.0833,15083.3846,111552.9231,61695.0667,176527.9615,101302.5333,344.36,207.9286,2839.4783,1678.9167,423.3462,652.5333,VC473732,0.53
2.625,3.7123,1.5085,2.17,1.9766,1.8028,2.7966,3.5,1.9766,0.0,2.8177,3.6233,13336.4,12420.5,14658.3929,10240.3529,47012.625,34035.619,147860.3438,85540.7619,6695.8966,2713.8333,2252.84,1423.6429,8798.375,3787.5238,VF640799,0.51
2.6261,3.7139,2.0189,3.5267,2.2391,0.0,2.8806,3.3009,2.1428,0.0,2.8999,3.4804,9801.75,4135.6667,6708.1429,3098.4211,36549.1034,16243.5,75816.25,33859.9474,340.4444,176.5,927.4545,479.3846,377.1786,526.1579,VE077501,0.42
2.875,4.0659,2.3997,2.4425,2.4962,1.9766,2.9867,3.83,2.4962,2.3419,2.9867,3.9626,25724.0476,11647.2857,24669.3226,11515.7727,115315.9062,52927.1739,175378.125,89612.6957,198.9375,140.2609,3041.3077,1476.2941,193.7812,204.6957,VC395463,0.34
3.25,4.5962,2.1966,2.992,2.3419,1.8028,2.9577,3.3483,2.2753,2.1004,2.9577,3.5169,24771.0,16183.1818,17118.2581,11086.12,83172.0938,52905.3077,135487.9062,86867.9615,276.8125,179.3846,1889.4828,1224.1739,561.75,656.3846,VE635261,0.57
3.048,4.3105,2.2103,3.504,2.2103,1.8163,2.9241,3.335,2.289,1.8163,2.9241,3.5388,17704.2857,15223.6364,11818.6333,9764.2174,61787.9,49840.7826,107563.6774,78059.125,352.3,189.3913,1301.3571,1050.7143,91.6129,94.125,VE120331,0.46
2.539,3.5907,2.333,3.2283,2.3997,1.5648,2.9513,3.3476,2.333,1.8599,2.9683,3.6246,12689.5714,5398.25,13632.7857,5462.2632,66773.1071,27232.5263,129652.6786,49206.6842,525.3571,164.0526,2076.381,945.0,596.6071,828.8947,VF080534,0.13
2.3575,3.334,1.8917,3.555,1.8917,0.0,2.8644,3.2184,2.0659,0.0,2.8644,3.1926,28186.5333,14719.2222,24971.0,11610.125,128101.8636,60324.6875,206979.0455,99629.6875,376.0909,147.5625,3299.8235,1640.1818,373.4091,430.75,VF387646,0.37
2.9122,4.1184,2.2862,2.776,2.4895,2.0659,2.8866,3.7805,2.4317,2.0659,2.8866,3.8965,19338.8333,12054.5556,14776.0,9440.75,71426.5,44573.0952,122563.5769,74523.1905,299.8462,162.4286,1789.9545,1180.3529,406.1923,473.0,VE509112,0.38
3.0773,4.3519,1.7896,2.545,2.262,1.4956,2.9292,3.2,2.262,1.7896,2.9444,3.4641,12772.6087,7821.7647,14594.0,8870.68,74651.3636,43797.44,150402.9375,83353.9167,518.0,187.72,1760.3793,1040.619,1329.75,1726.5833,VE646811,0.47
2.6348,3.7262,2.1899,3.885,2.3651,1.5962,2.928,3.3923,2.3651,1.5962,2.9472,3.5596,15687.3636,6426.8333,13881.0,5458.8889,69016.6,26665.3889,136345.72,49473.9444,559.8,166.0556,2078.4737,912.75,590.4545,803.9333,VF686530,0.49
2.1651,3.0619,2.1004,2.0933,2.3208,1.6301,2.8991,3.9474,2.3997,1.926,2.8991,4.3316,11303.1429,7419.0,14932.7826,7920.5714,49617.6667,28478.0667,173152.2083,84028.1333,8455.2174,3510.9286,2694.4211,1516.4,11037.625,4426.6,VE832136,0.59
2.51,3.5496,1.4709,1.97,2.4987,2.1579,2.9616,3.6259,2.5364,1.7645,2.9749,3.7367,15733.64,12324.6429,19754.8485,13607.5263,93133.0,60726.4286,174819.3714,100309.0,579.8,132.2857,2271.0968,1488.2353,87.8235,71.25,VF907078,0.49
3.2827,4.6424,2.0189,3.62,2.1428,1.8449,2.8806,3.4355,2.2391,1.55,2.8999,3.6348,5764.9167,3852.6364,6121.4615,4991.9091,27268.931,20901.72,54309.7586,41654.12,207.6154,151.1364,791.7826,670.1579,2137.7778,2038.7826,VF671281,0.1
2.7574,3.8996,2.0189,3.4433,2.0189,1.55,2.8393,3.5765,1.8449,1.55,2.8393,3.634,8918.1176,8127.0833,9792.7931,7789.5238,53391.88,40859.3,120689.5862,84679.3333,2249.1034,895.8571,1311.0,1022.75,3031.25,1307.3,VE590369,0.5
2.6232,3.7097,1.9833,3.75,2.3786,1.9833,2.9088,3.35,2.3786,1.6868,2.9088,3.5012,26920.2727,14653.2857,21871.0,11543.2667,104044.75,52845.6875,185781.5,97935.0714,366.7895,201.8,2766.5625,1574.5833,88.8947,53.8,VC503935,0.46
2.9938,4.2339,1.8755,2.17,2.3487,1.8755,2.9309,3.62,2.4732,2.0496,2.9309,3.8157,15864.7333,12885.2308,12974.4615,10559.1905,66089.16,54648.65,104643.0769,88667.5714,151.8846,156.1905,1599.0,1340.4375,651.44,801.25,VC344527,0.33
2.7111,3.8341,1.8304,2.625,2.3032,1.8304,2.9213,3.3104,2.4276,2.1282,2.9213,3.5976,14123.5263,9815.7692,13550.8621,9112.45,70862.1667,45489.8571,134821.5172,77450.25,483.3793,203.8,1892.4545,1428.9231,398.7586,530.9,VE611981,0.45
2.2116,3.1277,2.1187,2.4533,1.9443,0.0,2.8941,3.5289,2.3392,0.0,2.8941,3.6944,10348.2857,7290.1111,11298.1739,7109.4,65908.7895,39168.3571,145975.1739,83261.3333,2867.6957,1179.6667,1327.1304,776.4,3115.4783,1447.8,VF443229,0.58
2.4962,3.5301,2.4317,2.5443,2.4317,1.5962,2.9472,3.5596,2.4895,2.0659,2.9657,3.8654,10113.2353,5694.4545,13344.7692,8283.9444,66046.7692,39655.0,133484.5769,78434.3889,457.9615,172.1667,1642.3913,1034.2667,773.3077,575.8333,VC473647,0.36
3.266,4.6188,2.1736,4.005,2.2699,0.0,2.8914,3.2557,1.8755,0.0,2.8914,3.3648,10135.3636,6432.1111,9208.7308,5831.8696,46617.8077,30122.4348,84191.6296,51286.0833,356.0,206.0,1402.5789,905.6875,286.6923,307.8696,VF417697,0.35
3.1387,4.4388,2.2792,2.8071,2.3369,1.7408,2.9508,3.3597,2.2792,1.4476,2.9637,3.4903,16170.375,9780.625,15844.1944,9078.9231,75128.7027,42315.2593,129526.8919,70419.8519,285.4444,125.4231,1935.6667,1203.4,656.7568,535.5556,VE070617,0.37
2.9104,4.1160000000000005,1.9505,2.2967,2.3735,2.0743,2.9461,3.3603,2.3735,1.9505,2.9461,3.4697,24234.15,14354.6154,17659.8235,9816.9167,89608.2647,50540.0417,144289.5,84729.2917,161.7941,133.5417,2095.931,1236.7895,2844.6176,1379.1667,VE310410,0.52
2.1213,3.0,1.9085,3.33,2.2068,1.6128,2.8331,3.1618,2.2068,0.0,2.8579,3.3722,16531.2667,7546.125,17450.1429,7086.7143,93561.6667,36870.5,191939.2381,71160.8571,760.7619,156.1429,2592.9333,1167.5,518.6667,685.5,VE801927,0.48
2.0059,2.8368,1.6868,4.33,2.3786,1.6868,2.8825,3.7919,2.3786,1.6868,2.8825,3.8681,8473.2727,6520.5,9347.3333,5837.1538,52050.1176,30603.4167,128234.8571,74707.6923,3020.4286,1309.0769,1325.1111,875.2,4104.0,2111.9231,VC477609,0.69
2.0045,2.8347,2.333,2.7233,2.3997,0.0,2.9513,3.3784,2.3997,2.1579,2.9513,3.6036,11494.1111,5384.0,14743.9643,6059.2,71904.0,28708.6667,143298.0357,55529.4667,610.3214,225.9333,1964.125,925.9091,720.9643,668.4667,VC355287,0.55
2.3591,3.3362,2.3392,2.864,2.3392,1.9443,2.9176,3.5321,2.4848,1.6481,2.9398,3.8495,12017.25,5157.4286,13944.2381,6882.2857,70371.5714,33936.2143,136976.9091,61495.3333,575.0476,237.8571,1573.0952,777.4286,132.9524,143.3571,VF308793,0.47
2.375,3.3588,2.1966,2.962,2.1966,0.0,2.8572,3.4665,2.1004,1.5085,2.8572,3.6339,15187.1053,9566.2222,15818.871,8406.5556,63352.7188,34218.4737,177748.6875,86809.4737,6438.9032,2726.8333,2710.7917,1651.7273,9448.1,4446.6471,VC375132,0.42
2.1009,2.9711,0.0,0.0,2.4932,2.1428,2.9531,3.5846,2.4932,0.0,2.9694,3.6744,13488.6842,6921.0,16499.7586,7706.4375,82314.2414,38103.5625,162383.4828,70651.75,629.4138,169.25,1985.9259,909.8571,74.0345,48.1875,VF562611,0.47
3.0311,4.2866,2.3208,3.354,2.3208,2.1004,2.9213,3.5775,2.2244,1.6301,2.9213,3.682,17021.8182,14848.8889,15036.2174,12026.95,71913.2609,56737.9,134191.25,103727.7143,983.8696,905.55,2092.2778,1700.2,1167.913,1324.45,VE637206,0.53
2.1106,2.9848,1.9634,3.115,2.262,1.6669999999999998,2.8044,4.0293,2.3585,1.6669999999999998,2.8044,4.23,12673.3846,6381.875,14304.619,7176.0,45621.8636,24947.7143,167986.9545,79602.6429,8806.7273,3519.9286,2701.5294,1471.3333,12450.5909,5400.6429,VF523742,0.49
2.1651,3.0619,2.1004,2.59,2.3997,1.6301,2.8756,3.6622,2.3997,1.6301,2.8991,3.78,18907.5714,12988.25,18136.4,9547.5714,97194.8,50159.4286,185001.85,78504.3571,694.65,148.0714,2447.1875,1382.3,105.8,71.8571,VC470492,0.59
1.7393,2.4597,0.0,0.0,2.1790000000000003,0.0,2.8136,3.75,2.1790000000000003,1.7076,2.8136,4.0569,17050.4545,9411.2,16362.95,7452.0909,57537.2,26307.9091,201061.1,91495.4545,9775.4,4460.8182,2895.6471,1540.0,13251.75,6049.6364,VE832200,0.4
3.0,4.2426,2.1004,2.53,2.3997,2.1004,2.9425,3.3718,2.3997,1.5085,2.9577,3.5555,14340.9048,9916.9286,16410.1935,10508.3043,80886.8438,50408.25,149657.6875,83493.1667,434.1613,131.3913,1905.3571,1231.85,181.1613,202.4348,VE510246,0.51
2.7735,3.9223,2.4895,3.3512,2.4895,1.8917,2.9834,3.8028,2.5862,1.8917,2.9834,4.0628,8230.8182,4104.3333,7724.9231,5148.35,38489.1538,24406.2,78276.8846,48180.2,304.5,175.5,1063.619,716.875,738.1923,903.75,VE615709,0.58
3.1514,4.4567,2.3178,2.7683,2.4932,1.8449,2.9183,3.7571,2.4932,1.8449,2.9183,3.9404,7947.1176,6053.9231,10779.04,8650.2,47751.931,36100.3333,98247.0714,71544.2609,309.0,179.8571,1219.087,977.7778,237.931,270.2917,VH000774,0.34
2.875,4.0659,1.8028,3.4,2.4506,2.1966,2.9577,3.4852,2.4962,1.5085,2.9577,3.6366,15202.3182,10155.2857,16248.9062,9817.8696,83104.25,49231.5652,144933.5312,82985.7391,415.9062,203.5217,2146.7692,1418.5294,1626.4062,1827.7826,VC470519,0.46
2.794,3.9513,1.8163,3.025,2.2103,1.8163,2.8517,3.5741,1.9902,1.5219,2.8517,3.7264,11089.0588,9970.9091,12583.7097,8347.7273,45768.9032,35494.5909,143431.5484,85206.7273,6226.3871,2256.6364,2272.0417,1441.6667,9343.9,3903.9048,VC470477,0.55
2.1381,3.0237,2.2542,2.35,2.5541,2.0340000000000003,2.9847,3.8993,2.5541,2.1579,2.9847,4.0711,8222.1333,4230.8889,8335.0714,4376.4375,43446.5714,23884.375,88555.0,45651.25,335.8214,152.125,1002.0,561.9231,1447.5357,814.9375,VF005037,0.56
2.9542,4.1779,2.3286,2.8014,2.5619,0.0,2.9591,3.8333,2.5242,2.0871,2.9591,3.9853,30714.4615,15566.1429,17497.3226,6682.0455,83248.3333,31229.4583,136550.6667,51841.0417,295.5938,125.2174,2378.3333,1027.7333,85.3226,59.9545,VE090698,0.52
2.687,3.8,2.0828,2.6933,2.3032,1.9085,2.9036,3.4865,2.3032,0.0,2.9036,3.615,12144.8,6571.6667,12084.6364,6651.0,52905.64,27767.9474,107945.1667,53740.0,438.5652,191.6471,1658.4444,985.4167,1022.5417,833.7222,VF310717,0.49
2.8062,3.9686,2.1579,3.3725,2.5084,1.5648,2.9336,3.7888,2.3997,1.5648,2.9336,3.8792,24380.7,20886.25,12421.0,10517.0952,62909.0,53548.4762,99838.8214,87123.0952,134.2857,144.2857,1745.35,1449.2667,71.6786,80.5238,VE801959,0.62
2.9542,4.1779,1.9634,2.86,2.262,2.0871,2.8623,3.3317,2.1833,0.0,2.8623,3.4262,8360.8889,3448.0,11044.3103,4928.9,46694.0303,19035.9167,93210.3939,37158.25,430.4138,160.05,1516.0417,741.2667,1182.8485,846.4167,VF690540,0.42
2.4529,3.4689,2.1282,2.8125,2.1282,1.5357,2.9036,3.5308,2.2244,0.0,2.9036,3.7304,18227.9474,15662.7273,17834.1,12605.4737,76472.4828,59341.9444,189878.2667,112525.5263,6584.2667,2583.8947,2488.5,1614.9412,9165.1034,3727.6667,VE068137,0.57
2.5981,3.6742,1.6301,2.81,2.4664,1.6301,2.8991,3.6921,2.4664,1.926,2.8991,3.9421,16412.5455,14104.2222,12430.0435,10454.3529,64708.8261,54690.7647,117705.0435,90450.6471,341.6087,191.1176,1773.4706,1508.0,47.2174,41.2353,VE106677,0.51
2.6261,3.7139,2.0189,4.27,2.4423,1.55,2.9183,3.7217,2.3845,1.8449,2.9183,3.8517,17890.4545,10465.8333,14311.0,6472.8947,67325.7241,30079.0,137063.5,60198.0,514.5714,147.4211,2246.65,1056.75,69.3214,41.7368,VE106642,0.34
2.9938,4.2339,2.2699,3.08,2.3487,1.8755,2.8914,3.6057,2.2699,1.8755,2.9116,3.7968,10868.5455,8131.125,8015.5,5076.9524,40220.2963,25194.7727,85126.7778,52219.4545,302.3704,168.8182,1064.8095,697.8125,1602.6923,1964.619,VE454643,0.54
2.687,3.8,2.2068,4.095,2.2068,1.6128,2.8814,3.2005,2.0828,1.6128,2.9036,3.442,18583.0,14017.2222,15180.56,11444.3684,72986.04,55082.0,122103.12,93483.3158,244.4,175.2105,2105.9474,1592.5,421.76,530.8421,VE109020,0.34
2.1602,3.0551,1.6868,3.53,1.9833,0.0,2.8825,3.5112,2.3786,0.0,2.8825,3.8244,13702.9,14094.0,12348.4286,10305.5,70941.5882,54541.6154,155745.2381,113974.0714,3038.9524,1251.8571,1398.3333,1050.6429,3698.0952,1993.2857,VC389219,0.31
2.3146,3.2733,1.6868,2.31,1.9833,1.6868,2.9336,3.2556,1.9833,1.9833,2.9336,3.51,14135.5385,14854.875,13140.7619,11095.8667,70920.2857,57781.5333,151162.4762,106098.2667,447.5714,243.0667,1731.9444,1509.0833,3062.0476,2184.3333,VC398318,0.46
2.2627,3.2,2.0828,2.9,2.4487,1.9085,2.9248,3.5871,2.382,2.0828,2.9248,3.7205,7887.8462,5437.0,9475.5,5636.3077,47632.4783,28081.0,93771.9583,53103.8667,335.4348,198.5714,1095.8,684.8182,1331.0,904.2667,VF388264,0.35
2.2717,3.2127,2.333,2.84,2.3997,1.5648,2.9151,3.2257,2.333,2.1579,2.9151,3.4826,18379.375,16053.875,20154.6923,13535.6667,91793.7143,58050.5882,172561.0357,97260.0,628.0,180.2,3036.7368,2592.25,64.9643,39.6471,VF687702,0.56
2.7574,3.8996,2.0189,2.6967,2.5389,2.0189,2.9852,3.9289,2.5801,2.3178,2.9852,4.1004,19506.0588,9411.8,15330.2069,6634.8571,78004.6552,34340.3333,116864.5862,56083.4286,48.2414,42.2857,1894.5,889.75,2866.4828,2001.4286,VE103098,0.34
2.5856,3.6566,2.3487,3.3117,2.2699,1.5802,2.9116,3.2482,2.2699,0.0,2.9116,3.365,12016.8,7298.6,14178.7308,7099.6111,65445.4074,32440.2632,129481.8077,60715.8333,479.9231,158.6667,1797.4783,879.7333,387.5385,518.1111,VE454471,0.38
2.7217,3.849,1.8755,2.475,2.4732,2.1736,2.9116,3.585,2.4732,0.0,2.9116,3.7205,15702.5385,11850.125,13681.1923,8583.2632,67728.3077,40806.8421,133832.5,77021.7368,478.6923,197.8421,1830.9048,1184.4286,393.1538,497.5789,VE392705,0.39
2.3238,3.2863,2.3032,2.8033,2.2244,1.5357,2.8659,3.2786,2.2244,1.5357,2.8659,3.3091,29903.625,18594.5714,24333.0,10218.5,120409.8846,49384.2353,201838.7308,80700.3529,521.84,195.6875,2899.9091,1294.2308,118.5385,81.4706,VC395360,0.4
2.9210000000000003,4.1309,1.9902,3.12,2.3557,1.5219,2.9563,3.3346,2.3557,1.5219,2.9563,3.5489,17405.25,17247.6364,13418.2581,11678.0435,70078.2258,59278.8696,125969.0968,99444.4783,310.4516,144.0435,1537.8519,1347.9474,633.2258,438.2609,VE309994,0.51
1.8516,2.6186,2.1579,2.51,2.2821,1.6868,2.8246,3.9493,2.2821,1.9833,2.8246,4.2386,11192.0833,5902.1667,15290.5238,7377.9167,51598.9524,26660.4167,189199.7619,89830.3333,9234.9048,4051.3333,2710.4444,1417.5556,12959.9524,6137.9167,VC389639,0.4
3.1113,4.4,2.382,2.9283,2.5065,1.9085,2.9036,3.847,2.5065,2.4487,2.9036,4.1135,13791.1053,8653.5,16297.0435,10772.75,73791.28,46370.7273,126217.72,78884.5,321.6957,172.9,2047.4211,1374.625,455.875,491.1905,VE501245,0.13
2.794,3.9513,1.5219,2.29,2.289,1.8163,2.8710000000000004,3.3648,2.289,0.0,2.8894,3.4617,21177.5294,15937.3,18804.0333,11580.0476,90416.5806,54852.3636,159911.1613,94287.0909,443.9667,175.9048,2420.24,1569.5625,1068.0,1458.2273,VE635195,0.48
2.5856,3.6566,2.1736,2.645,2.3487,1.8755,2.9116,3.4259,2.3487,1.8755,2.9116,3.6636,9180.8125,3760.7,11584.0385,5740.6667,56319.5926,27221.2105,112920.5926,52109.2632,456.7308,170.3889,1684.7,952.75,868.8462,713.8333,VE501332,0.47
2.7106,3.8333,2.2244,3.1483,2.1458,1.4591,2.9066,3.2645,2.1458,2.0496,2.9066,3.4762,25179.4286,13958.5455,21615.3429,11148.4545,106438.2647,52408.0909,176278.0,92106.7391,1084.3611,764.3913,2554.0645,1449.0556,976.25,747.7391,VF671319,0.48
3.0984,4.3818,2.3032,3.3317,2.2244,1.5357,2.9036,3.1613,2.1282,1.5357,2.9213,3.3048,20600.7143,19150.3,17358.5714,13832.1818,79918.1034,64156.913,136583.6071,111809.1364,252.0714,177.9545,2103.9583,1675.0,360.9643,439.0,VE509113,0.5
2.9938,4.2339,2.0496,2.8967,2.4154,2.0496,2.9309,3.5817,2.3487,1.8755,2.9493,3.6912,17707.9333,10476.7273,15259.0741,8431.8636,75190.9259,40601.1818,129518.2963,66736.2727,375.037,165.3182,1936.1739,1093.8333,613.5926,716.0455,VE509796,0.32
2.1009,2.9711,2.1428,2.6925,2.3178,2.1428,2.9360000000000004,3.32,2.3178,2.0189,2.9360000000000004,3.5128,16479.0588,9020.5714,18605.75,8541.2,93516.0,42742.0,178789.5172,73935.5625,723.0357,182.3333,2419.7917,1189.3636,88.4286,62.7333,VE752338,0.41
2.2613,3.198,2.1379,2.2867,2.262,0.0,2.8623,3.6669,2.262,1.9634,2.8623,3.7219,17544.2308,14715.0,15566.8636,12172.3333,88951.6667,64312.1429,158464.2727,112780.3333,2809.5,1165.7333,2021.7895,1626.4167,3435.5,1717.0667,VF205111,0.67
2.875,4.0659,2.3419,2.9129,2.3419,2.1966,2.9267,3.4181,2.3419,2.1966,2.9267,3.627,19974.2857,10409.7143,19825.6452,10337.9545,94545.7742,49828.5909,147420.4194,82188.6818,208.75,150.3043,2351.0370000000007,1282.8333,369.5161,475.9545,VE510689,0.52
